Id,Label
0,49
1,42
2,15
3,10
4,70
5,43
6,63
7,7
8,23
9,57
10,87
11,5
12,89
13,69
14,40
15,43
16,40
17,97
18,70
19,92
20,61
21,69
22,75
23,49
24,21
25,14
26,23
27,44
28,94
29,98
30,20
31,61
32,41
33,73
34,81
35,80
36,58
37,83
38,0
39,37
40,31
41,76
42,49
43,30
44,52
45,22
46,1
47,58
48,31
49,17
50,4
51,15
52,18
53,35
54,5
55,65
56,71
57,52
58,66
59,30
60,75
61,27
62,14
63,38
64,45
65,45
66,51
67,0
68,63
69,92
70,39
71,68
72,2
73,91
74,97
75,32
76,82
77,10
78,6
79,61
80,71
81,78
82,54
83,18
84,29
85,89
86,8
87,31
88,20
89,30
90,10
91,80
92,3
93,21
94,81
95,31
96,16
97,78
98,68
99,43
100,29
101,53
102,47
103,86
104,43
105,69
106,76
107,17
108,57
109,76
110,5
111,20
112,27
113,0
114,94
115,71
116,48
117,43
118,43
119,56
120,52
121,45
122,38
123,70
124,96
125,45
126,3
127,48
128,1
129,46
130,29
131,16
132,81
133,74
134,3
135,91
136,60
137,38
138,52
139,23
140,43
141,46
142,52
143,89
144,72
145,30
146,25
147,39
148,91
149,58
150,14
151,63
152,23
153,60
154,26
155,97
156,85
157,5
158,79
159,33
160,36
161,80
162,97
163,10
164,66
165,52
166,61
167,18
168,43
169,32
170,95
171,45
172,27
173,21
174,95
175,44
176,95
177,73
178,14
179,40
180,8
181,75
182,25
183,65
184,16
185,38
186,35
187,95
188,94
189,58
190,12
191,74
192,45
193,13
194,94
195,24
196,90
197,88
198,7
199,87
200,77
201,8
202,59
203,60
204,81
205,23
206,20
207,31
208,9
209,56
210,30
211,46
212,12
213,42
214,97
215,80
216,53
217,95
218,9
219,81
220,94
221,12
222,42
223,94
224,12
225,30
226,0
227,31
228,21
229,71
230,76
231,57
232,59
233,24
234,97
235,62
236,63
237,57
238,82
239,31
240,23
241,24
242,97
243,21
244,48
245,62
246,42
247,81
248,33
249,16
250,91
251,94
252,93
253,36
254,7
255,64
256,8
257,85
258,97
259,88
260,38
261,76
262,13
263,80
264,74
265,91
266,53
267,1
268,44
269,81
270,61
271,51
272,52
273,18
274,89
275,91
276,67
277,28
278,69
279,62
280,39
281,84
282,28
283,85
284,30
285,78
286,79
287,3
288,88
289,92
290,74
291,38
292,39
293,31
294,18
295,12
296,13
297,67
298,89
299,63
300,52
301,76
302,40
303,6
304,95
305,34
306,76
307,43
308,80
309,28
310,64
311,18
312,41
313,43
314,65
315,77
316,81
317,80
318,77
319,8
320,17
321,90
322,11
323,67
324,12
325,5
326,19
327,91
328,54
329,59
330,87
331,26
332,69
333,7
334,65
335,60
336,67
337,91
338,97
339,73
340,9
341,54
342,68
343,62
344,99
345,64
346,21
347,24
348,81
349,4
350,68
351,34
352,49
353,13
354,87
355,40
356,21
357,14
358,35
359,97
360,97
361,23
362,60
363,94
364,63
365,61
366,94
367,61
368,59
369,27
370,85
371,33
372,28
373,16
374,8
375,86
376,7
377,0
378,94
379,34
380,34
381,6
382,41
383,15
384,69
385,50
386,29
387,30
388,85
389,61
390,81
391,57
392,37
393,30
394,72
395,42
396,84
397,68
398,52
399,87
400,28
401,85
402,36
403,13
404,57
405,26
406,95
407,16
408,58
409,48
410,40
411,36
412,71
413,85
414,36
415,86
416,88
417,56
418,82
419,27
420,21
421,68
422,18
423,96
424,71
425,42
426,77
427,40
428,75
429,32
430,78
431,6
432,30
433,34
434,58
435,51
436,37
437,30
438,61
439,43
440,16
441,84
442,67
443,85
444,6
445,85
446,38
447,7
448,29
449,13
450,10
451,98
452,25
453,41
454,36
455,86
456,38
457,51
458,93
459,94
460,85
461,39
462,69
463,22
464,14
465,78
466,33
467,49
468,6
469,0
470,79
471,97
472,34
473,26
474,61
475,2
476,68
477,42
478,4
479,25
480,13
481,75
482,10
483,38
484,0
485,99
486,38
487,87
488,30
489,21
490,31
491,1
492,60
493,9
494,31
495,97
496,54
497,31
498,89
499,51
500,42
501,50
502,85
503,16
504,22
505,41
506,38
507,58
508,47
509,93
510,68
511,11
512,36
513,73
514,30
515,53
516,73
517,35
518,70
519,70
520,74
521,84
522,78
523,37
524,70
525,11
526,95
527,88
528,42
529,18
530,52
531,63
532,39
533,33
534,98
535,65
536,76
537,35
538,91
539,57
540,80
541,18
542,2
543,42
544,91
545,67
546,18
547,54
548,68
549,24
550,52
551,35
552,73
553,90
554,97
555,94
556,62
557,56
558,77
559,71
560,64
561,4
562,20
563,83
564,3
565,89
566,6
567,6
568,94
569,85
570,1
571,68
572,8
573,2
574,99
575,12
576,51
577,77
578,89
579,67
580,77
581,87
582,82
583,13
584,0
585,41
586,61
587,38
588,24
589,43
590,54
591,12
592,91
593,82
594,57
595,24
596,6
597,73
598,1
599,2
600,32
601,30
602,96
603,87
604,1
605,98
606,97
607,46
608,97
609,51
610,6
611,14
612,81
613,2
614,70
615,96
616,97
617,33
618,61
619,86
620,17
621,78
622,76
623,70
624,17
625,80
626,48
627,88
628,93
629,82
630,85
631,92
632,97
633,5
634,70
635,60
636,22
637,32
638,83
639,84
640,15
641,76
642,85
643,76
644,56
645,60
646,90
647,94
648,7
649,86
650,51
651,5
652,5
653,38
654,84
655,0
656,34
657,5
658,18
659,36
660,20
661,48
662,4
663,42
664,93
665,82
666,32
667,64
668,42
669,75
670,30
671,30
672,83
673,55
674,64
675,28
676,99
677,91
678,34
679,68
680,91
681,14
682,54
683,28
684,97
685,64
686,18
687,21
688,49
689,27
690,30
691,50
692,86
693,82
694,75
695,10
696,74
697,25
698,67
699,21
700,80
701,33
702,43
703,1
704,79
705,34
706,8
707,81
708,31
709,60
710,79
711,56
712,5
713,93
714,82
715,0
716,21
717,15
718,33
719,9
720,97
721,76
722,60
723,75
724,2
725,73
726,28
727,58
728,62
729,19
730,61
731,6
732,4
733,12
734,94
735,42
736,95
737,19
738,53
739,36
740,36
741,93
742,43
743,97
744,61
745,41
746,86
747,1
748,94
749,82
750,74
751,7
752,45
753,70
754,31
755,71
756,68
757,15
758,1
759,24
760,85
761,20
762,96
763,69
764,79
765,38
766,92
767,37
768,54
769,12
770,76
771,39
772,95
773,24
774,7
775,64
776,70
777,78
778,81
779,70
780,12
781,72
782,82
783,66
784,86
785,60
786,22
787,27
788,82
789,14
790,48
791,4
792,85
793,99
794,91
795,1
796,13
797,36
798,62
799,27
800,87
801,28
802,54
803,7
804,99
805,78
806,86
807,53
808,90
809,43
810,65
811,68
812,94
813,52
814,3
815,93
816,14
817,36
818,89
819,7
820,43
821,4
822,85
823,64
824,39
825,13
826,92
827,61
828,5
829,23
830,11
831,82
832,85
833,19
834,0
835,39
836,49
837,71
838,47
839,97
840,97
841,47
842,98
843,27
844,52
845,27
846,21
847,20
848,53
849,21
850,10
851,6
852,31
853,76
854,87
855,0
856,96
857,1
858,41
859,15
860,99
861,60
862,16
863,73
864,85
865,54
866,43
867,68
868,24
869,83
870,5
871,51
872,42
873,53
874,23
875,82
876,31
877,24
878,54
879,43
880,20
881,94
882,69
883,51
884,1
885,26
886,38
887,2
888,57
889,69
890,61
891,38
892,68
893,81
894,52
895,64
896,28
897,51
898,49
899,27
900,19
901,94
902,15
903,86
904,79
905,57
906,76
907,40
908,39
909,77
910,80
911,61
912,76
913,56
914,52
915,64
916,98
917,77
918,74
919,21
920,51
921,59
922,37
923,58
924,52
925,82
926,14
927,96
928,14
929,31
930,45
931,12
932,20
933,68
934,25
935,23
936,79
937,96
938,61
939,97
940,23
941,23
942,62
943,56
944,71
945,77
946,81
947,27
948,1
949,47
950,96
951,39
952,42
953,34
954,27
955,97
956,71
957,64
958,30
959,18
960,31
961,47
962,56
963,43
964,34
965,49
966,23
967,52
968,62
969,34
970,60
971,66
972,16
973,24
974,69
975,69
976,1
977,90
978,70
979,45
980,34
981,43
982,42
983,39
984,85
985,38
986,43
987,11
988,11
989,21
990,71
991,33
992,89
993,37
994,45
995,75
996,34
997,76
998,53
999,91
1000,97
1001,71
1002,94
1003,94
1004,90
1005,85
1006,20
1007,1
1008,30
1009,92
1010,70
1011,34
1012,2
1013,78
1014,92
1015,12
1016,49
1017,66
1018,78
1019,33
1020,48
1021,52
1022,34
1023,90
1024,5
1025,81
1026,81
1027,0
1028,63
1029,41
1030,21
1031,86
1032,92
1033,66
1034,85
1035,38
1036,97
1037,95
1038,95
1039,67
1040,86
1041,52
1042,53
1043,81
1044,44
1045,96
1046,30
1047,9
1048,8
1049,1
1050,7
1051,15
1052,77
1053,30
1054,20
1055,67
1056,21
1057,43
1058,52
1059,24
1060,31
1061,3
1062,18
1063,60
1064,49
1065,36
1066,23
1067,66
1068,89
1069,15
1070,24
1071,74
1072,53
1073,84
1074,17
1075,69
1076,20
1077,37
1078,9
1079,15
1080,7
1081,48
1082,70
1083,89
1084,99
1085,34
1086,36
1087,93
1088,96
1089,52
1090,40
1091,29
1092,13
1093,93
1094,49
1095,70
1096,48
1097,53
1098,32
1099,68
1100,55
1101,38
1102,88
1103,63
1104,76
1105,33
1106,61
1107,60
1108,74
1109,49
1110,1
1111,54
1112,44
1113,30
1114,16
1115,82
1116,58
1117,47
1118,85
1119,87
1120,21
1121,96
1122,93
1123,84
1124,36
1125,63
1126,2
1127,22
1128,85
1129,69
1130,9
1131,30
1132,47
1133,42
1134,6
1135,41
1136,0
1137,62
1138,1
1139,38
1140,38
1141,23
1142,5
1143,76
1144,52
1145,58
1146,97
1147,70
1148,68
1149,31
1150,52
1151,15
1152,35
1153,49
1154,66
1155,58
1156,74
1157,0
1158,52
1159,94
1160,58
1161,79
1162,2
1163,58
1164,67
1165,94
1166,95
1167,24
1168,46
1169,4
1170,17
1171,53
1172,84
1173,2
1174,18
1175,51
1176,21
1177,27
1178,60
1179,21
1180,72
1181,27
1182,14
1183,3
1184,34
1185,95
1186,45
1187,89
1188,37
1189,27
1190,97
1191,99
1192,99
1193,53
1194,71
1195,27
1196,43
1197,87
1198,52
1199,21
1200,34
1201,66
1202,14
1203,35
1204,22
1205,76
1206,84
1207,52
1208,84
1209,30
1210,4
1211,24
1212,91
1213,60
1214,26
1215,61
1216,49
1217,19
1218,68
1219,5
1220,88
1221,78
1222,77
1223,60
1224,43
1225,62
1226,31
1227,25
1228,36
1229,76
1230,72
1231,82
1232,18
1233,31
1234,38
1235,51
1236,61
1237,53
1238,97
1239,48
1240,24
1241,47
1242,59
1243,9
1244,24
1245,14
1246,16
1247,17
1248,15
1249,28
1250,43
1251,96
1252,7
1253,43
1254,91
1255,54
1256,22
1257,99
1258,54
1259,36
1260,58
1261,89
1262,97
1263,22
1264,8
1265,53
1266,63
1267,72
1268,96
1269,99
1270,46
1271,85
1272,58
1273,40
1274,5
1275,5
1276,74
1277,34
1278,92
1279,93
1280,60
1281,31
1282,5
1283,43
1284,56
1285,67
1286,41
1287,46
1288,99
1289,41
1290,7
1291,12
1292,76
1293,90
1294,46
1295,97
1296,89
1297,97
1298,90
1299,2
1300,2
1301,24
1302,14
1303,91
1304,83
1305,75
1306,18
1307,49
1308,0
1309,18
1310,36
1311,9
1312,31
1313,38
1314,5
1315,92
1316,6
1317,70
1318,9
1319,62
1320,34
1321,82
1322,71
1323,13
1324,99
1325,7
1326,91
1327,58
1328,3
1329,85
1330,70
1331,35
1332,77
1333,87
1334,19
1335,47
1336,61
1337,63
1338,97
1339,28
1340,22
1341,20
1342,43
1343,38
1344,53
1345,91
1346,59
1347,66
1348,35
1349,38
1350,6
1351,35
1352,43
1353,30
1354,76
1355,68
1356,84
1357,52
1358,17
1359,65
1360,47
1361,49
1362,94
1363,40
1364,76
1365,91
1366,72
1367,97
1368,18
1369,52
1370,18
1371,51
1372,19
1373,0
1374,43
1375,29
1376,43
1377,85
1378,73
1379,4
1380,53
1381,5
1382,68
1383,87
1384,76
1385,20
1386,85
1387,63
1388,38
1389,5
1390,33
1391,41
1392,43
1393,23
1394,91
1395,17
1396,81
1397,43
1398,71
1399,2
1400,99
1401,34
1402,21
1403,34
1404,48
1405,27
1406,68
1407,38
1408,89
1409,34
1410,78
1411,38
1412,12
1413,13
1414,95
1415,94
1416,33
1417,52
1418,88
1419,83
1420,99
1421,68
1422,47
1423,98
1424,96
1425,43
1426,57
1427,86
1428,22
1429,70
1430,1
1431,38
1432,77
1433,43
1434,24
1435,58
1436,91
1437,69
1438,9
1439,34
1440,31
1441,57
1442,7
1443,97
1444,46
1445,64
1446,77
1447,24
1448,9
1449,91
1450,21
1451,56
1452,34
1453,31
1454,91
1455,75
1456,62
1457,53
1458,17
1459,28
1460,20
1461,35
1462,46
1463,43
1464,31
1465,49
1466,30
1467,79
1468,46
1469,8
1470,57
1471,84
1472,62
1473,9
1474,68
1475,86
1476,3
1477,95
1478,85
1479,86
1480,7
1481,91
1482,2
1483,45
1484,1
1485,53
1486,28
1487,87
1488,87
1489,58
1490,97
1491,58
1492,32
1493,80
1494,54
1495,36
1496,80
1497,96
1498,34
1499,21
1500,86
1501,96
1502,54
1503,17
1504,92
1505,51
1506,26
1507,97
1508,94
1509,6
1510,17
1511,5
1512,56
1513,32
1514,9
1515,15
1516,37
1517,31
1518,88
1519,64
1520,31
1521,31
1522,97
1523,75
1524,21
1525,20
1526,10
1527,97
1528,86
1529,68
1530,21
1531,94
1532,2
1533,35
1534,69
1535,47
1536,17
1537,10
1538,5
1539,73
1540,2
1541,50
1542,6
1543,38
1544,59
1545,48
1546,27
1547,31
1548,5
1549,74
1550,74
1551,49
1552,60
1553,21
1554,8
1555,24
1556,63
1557,16
1558,4
1559,86
1560,1
1561,20
1562,9
1563,17
1564,38
1565,52
1566,96
1567,88
1568,58
1569,21
1570,97
1571,75
1572,38
1573,37
1574,18
1575,59
1576,3
1577,30
1578,53
1579,5
1580,23
1581,87
1582,52
1583,96
1584,64
1585,21
1586,14
1587,91
1588,93
1589,83
1590,82
1591,3
1592,29
1593,33
1594,16
1595,76
1596,47
1597,87
1598,92
1599,99
1600,17
1601,56
1602,85
1603,45
1604,68
1605,96
1606,23
1607,88
1608,53
1609,77
1610,43
1611,21
1612,24
1613,76
1614,17
1615,5
1616,88
1617,37
1618,88
1619,21
1620,42
1621,21
1622,46
1623,80
1624,85
1625,61
1626,38
1627,41
1628,44
1629,40
1630,70
1631,54
1632,21
1633,95
1634,72
1635,5
1636,52
1637,58
1638,71
1639,17
1640,96
1641,94
1642,39
1643,13
1644,96
1645,16
1646,26
1647,33
1648,15
1649,49
1650,1
1651,54
1652,20
1653,96
1654,78
1655,21
1656,16
1657,94
1658,53
1659,56
1660,68
1661,43
1662,17
1663,1
1664,48
1665,46
1666,76
1667,67
1668,5
1669,16
1670,84
1671,48
1672,3
1673,99
1674,20
1675,8
1676,98
1677,94
1678,3
1679,7
1680,0
1681,59
1682,61
1683,96
1684,90
1685,13
1686,94
1687,31
1688,78
1689,42
1690,5
1691,26
1692,60
1693,86
1694,85
1695,74
1696,97
1697,77
1698,34
1699,24
1700,84
1701,5
1702,1
1703,24
1704,74
1705,1
1706,53
1707,74
1708,21
1709,48
1710,42
1711,24
1712,53
1713,82
1714,22
1715,21
1716,30
1717,64
1718,52
1719,0
1720,41
1721,43
1722,30
1723,79
1724,52
1725,45
1726,88
1727,46
1728,18
1729,61
1730,36
1731,79
1732,75
1733,46
1734,10
1735,9
1736,37
1737,69
1738,0
1739,44
1740,86
1741,85
1742,97
1743,53
1744,76
1745,49
1746,3
1747,91
1748,71
1749,33
1750,30
1751,39
1752,64
1753,89
1754,44
1755,97
1756,68
1757,77
1758,30
1759,34
1760,51
1761,21
1762,84
1763,52
1764,20
1765,53
1766,40
1767,18
1768,67
1769,30
1770,12
1771,51
1772,44
1773,29
1774,60
1775,97
1776,17
1777,75
1778,46
1779,14
1780,1
1781,82
1782,33
1783,34
1784,86
1785,58
1786,86
1787,20
1788,97
1789,20
1790,27
1791,2
1792,47
1793,40
1794,43
1795,35
1796,64
1797,49
1798,26
1799,34
1800,11
1801,29
1802,68
1803,52
1804,6
1805,21
1806,4
1807,40
1808,86
1809,61
1810,1
1811,6
1812,14
1813,97
1814,68
1815,79
1816,99
1817,84
1818,82
1819,76
1820,66
1821,61
1822,8
1823,14
1824,54
1825,12
1826,28
1827,94
1828,95
1829,41
1830,52
1831,30
1832,17
1833,98
1834,21
1835,17
1836,67
1837,16
1838,14
1839,64
1840,49
1841,48
1842,9
1843,64
1844,67
1845,89
1846,94
1847,64
1848,97
1849,74
1850,87
1851,2
1852,73
1853,21
1854,62
1855,52
1856,56
1857,28
1858,17
1859,53
1860,71
1861,50
1862,29
1863,53
1864,89
1865,34
1866,36
1867,18
1868,39
1869,79
1870,53
1871,73
1872,38
1873,17
1874,66
1875,98
1876,17
1877,6
1878,53
1879,68
1880,7
1881,89
1882,44
1883,79
1884,45
1885,30
1886,13
1887,66
1888,28
1889,92
1890,23
1891,52
1892,24
1893,14
1894,13
1895,22
1896,15
1897,21
1898,73
1899,7
1900,83
1901,42
1902,29
1903,22
1904,60
1905,93
1906,17
1907,81
1908,78
1909,84
1910,40
1911,60
1912,27
1913,58
1914,3
1915,66
1916,91
1917,15
1918,36
1919,77
1920,74
1921,99
1922,96
1923,19
1924,84
1925,0
1926,43
1927,25
1928,86
1929,95
1930,87
1931,23
1932,9
1933,61
1934,91
1935,76
1936,11
1937,97
1938,57
1939,77
1940,90
1941,57
1942,67
1943,36
1944,85
1945,20
1946,93
1947,24
1948,36
1949,78
1950,76
1951,37
1952,32
1953,50
1954,4
1955,39
1956,69
1957,3
1958,65
1959,62
1960,49
1961,31
1962,49
1963,61
1964,42
1965,87
1966,53
1967,70
1968,41
1969,36
1970,22
1971,88
1972,30
1973,27
1974,95
1975,41
1976,27
1977,97
1978,46
1979,43
1980,37
1981,21
1982,22
1983,54
1984,5
1985,86
1986,30
1987,40
1988,49
1989,84
1990,88
1991,26
1992,28
1993,74
1994,51
1995,78
1996,38
1997,7
1998,49
1999,78
2000,92
2001,41
2002,79
2003,14
2004,17
2005,19
2006,99
2007,11
2008,73
2009,6
2010,36
2011,9
2012,83
2013,96
2014,50
2015,1
2016,58
2017,53
2018,0
2019,39
2020,2
2021,21
2022,20
2023,8
2024,49
2025,81
2026,94
2027,3
2028,16
2029,34
2030,95
2031,85
2032,52
2033,48
2034,54
2035,31
2036,37
2037,43
2038,57
2039,43
2040,23
2041,5
2042,18
2043,0
2044,5
2045,33
2046,63
2047,78
2048,42
2049,28
2050,76
2051,63
2052,28
2053,23
2054,95
2055,25
2056,79
2057,41
2058,53
2059,78
2060,12
2061,94
2062,5
2063,17
2064,97
2065,90
2066,48
2067,80
2068,5
2069,0
2070,16
2071,83
2072,94
2073,54
2074,16
2075,97
2076,22
2077,47
2078,19
2079,4
2080,7
2081,20
2082,8
2083,36
2084,87
2085,95
2086,20
2087,52
2088,84
2089,1
2090,36
2091,67
2092,21
2093,74
2094,91
2095,16
2096,48
2097,91
2098,25
2099,78
2100,89
2101,89
2102,42
2103,57
2104,7
2105,76
2106,31
2107,97
2108,20
2109,84
2110,80
2111,17
2112,14
2113,91
2114,52
2115,54
2116,43
2117,91
2118,28
2119,18
2120,85
2121,31
2122,60
2123,89
2124,9
2125,65
2126,2
2127,87
2128,27
2129,22
2130,21
2131,36
2132,36
2133,1
2134,26
2135,71
2136,63
2137,62
2138,95
2139,60
2140,7
2141,24
2142,41
2143,24
2144,59
2145,15
2146,57
2147,43
2148,27
2149,69
2150,52
2151,79
2152,47
2153,68
2154,94
2155,72
2156,45
2157,17
2158,38
2159,52
2160,43
2161,20
2162,40
2163,24
2164,49
2165,49
2166,1
2167,84
2168,34
2169,94
2170,68
2171,89
2172,50
2173,30
2174,63
2175,16
2176,22
2177,33
2178,13
2179,14
2180,4
2181,61
2182,19
2183,52
2184,89
2185,15
2186,97
2187,35
2188,34
2189,8
2190,43
2191,95
2192,2
2193,22
2194,43
2195,5
2196,8
2197,91
2198,8
2199,60
2200,80
2201,7
2202,20
2203,76
2204,9
2205,66
2206,76
2207,23
2208,30
2209,70
2210,1
2211,27
2212,20
2213,94
2214,31
2215,66
2216,24
2217,80
2218,91
2219,97
2220,34
2221,46
2222,20
2223,6
2224,19
2225,67
2226,76
2227,38
2228,13
2229,82
2230,45
2231,9
2232,51
2233,86
2234,82
2235,60
2236,68
2237,99
2238,83
2239,54
2240,41
2241,19
2242,29
2243,82
2244,73
2245,86
2246,28
2247,71
2248,79
2249,43
2250,17
2251,51
2252,17
2253,96
2254,48
2255,79
2256,99
2257,91
2258,68
2259,1
2260,56
2261,33
2262,86
2263,61
2264,3
2265,84
2266,79
2267,89
2268,75
2269,36
2270,47
2271,53
2272,98
2273,69
2274,62
2275,24
2276,63
2277,69
2278,52
2279,30
2280,95
2281,15
2282,18
2283,96
2284,68
2285,37
2286,68
2287,21
2288,47
2289,68
2290,2
2291,19
2292,40
2293,47
2294,5
2295,54
2296,85
2297,32
2298,68
2299,51
2300,84
2301,42
2302,16
2303,26
2304,49
2305,43
2306,21
2307,23
2308,51
2309,14
2310,47
2311,23
2312,27
2313,54
2314,9
2315,19
2316,2
2317,45
2318,51
2319,91
2320,12
2321,5
2322,67
2323,76
2324,95
2325,67
2326,95
2327,47
2328,70
2329,97
2330,84
2331,34
2332,51
2333,28
2334,84
2335,60
2336,36
2337,23
2338,58
2339,91
2340,94
2341,43
2342,65
2343,62
2344,38
2345,35
2346,30
2347,94
2348,44
2349,74
2350,76
2351,36
2352,8
2353,30
2354,69
2355,59
2356,19
2357,79
2358,11
2359,61
2360,19
2361,93
2362,22
2363,90
2364,79
2365,88
2366,42
2367,59
2368,84
2369,17
2370,8
2371,62
2372,17
2373,76
2374,43
2375,0
2376,90
2377,1
2378,5
2379,59
2380,41
2381,1
2382,20
2383,52
2384,79
2385,22
2386,98
2387,61
2388,43
2389,66
2390,32
2391,35
2392,90
2393,8
2394,61
2395,26
2396,58
2397,43
2398,16
2399,60
2400,70
2401,2
2402,96
2403,15
2404,23
2405,74
2406,83
2407,69
2408,52
2409,89
2410,54
2411,34
2412,61
2413,12
2414,0
2415,7
2416,24
2417,21
2418,37
2419,86
2420,43
2421,58
2422,31
2423,30
2424,66
2425,70
2426,0
2427,84
2428,88
2429,74
2430,53
2431,53
2432,36
2433,71
2434,99
2435,5
2436,1
2437,49
2438,79
2439,76
2440,39
2441,31
2442,67
2443,40
2444,23
2445,24
2446,82
2447,29
2448,49
2449,99
2450,69
2451,1
2452,2
2453,94
2454,94
2455,55
2456,29
2457,54
2458,95
2459,54
2460,41
2461,93
2462,4
2463,22
2464,7
2465,32
2466,14
2467,53
2468,72
2469,57
2470,20
2471,63
2472,76
2473,64
2474,37
2475,77
2476,75
2477,80
2478,33
2479,86
2480,94
2481,90
2482,91
2483,84
2484,81
2485,99
2486,34
2487,61
2488,0
2489,31
2490,78
2491,23
2492,85
2493,68
2494,40
2495,17
2496,68
2497,46
2498,50
2499,49
2500,60
2501,76
2502,74
2503,89
2504,60
2505,69
2506,17
2507,64
2508,91
2509,38
2510,9
2511,7
2512,0
2513,31
2514,17
2515,34
2516,62
2517,89
2518,34
2519,19
2520,12
2521,13
2522,67
2523,53
2524,49
2525,2
2526,1
2527,26
2528,1
2529,48
2530,70
2531,52
2532,67
2533,10
2534,27
2535,85
2536,27
2537,79
2538,23
2539,76
2540,31
2541,44
2542,87
2543,75
2544,34
2545,82
2546,36
2547,53
2548,78
2549,68
2550,76
2551,60
2552,2
2553,34
2554,19
2555,72
2556,58
2557,28
2558,48
2559,0
2560,62
2561,1
2562,48
2563,61
2564,50
2565,16
2566,85
2567,43
2568,31
2569,17
2570,17
2571,18
2572,14
2573,21
2574,67
2575,71
2576,0
2577,15
2578,91
2579,51
2580,4
2581,5
2582,91
2583,91
2584,81
2585,91
2586,20
2587,26
2588,68
2589,18
2590,97
2591,13
2592,73
2593,50
2594,52
2595,77
2596,63
2597,87
2598,4
2599,44
2600,69
2601,44
2602,85
2603,53
2604,57
2605,45
2606,21
2607,5
2608,65
2609,33
2610,97
2611,73
2612,47
2613,69
2614,84
2615,79
2616,75
2617,31
2618,30
2619,34
2620,22
2621,71
2622,80
2623,27
2624,89
2625,42
2626,67
2627,39
2628,52
2629,59
2630,45
2631,33
2632,1
2633,36
2634,64
2635,37
2636,81
2637,31
2638,21
2639,85
2640,65
2641,36
2642,66
2643,54
2644,55
2645,54
2646,14
2647,38
2648,0
2649,41
2650,31
2651,61
2652,5
2653,74
2654,47
2655,48
2656,61
2657,21
2658,63
2659,41
2660,17
2661,20
2662,85
2663,54
2664,78
2665,89
2666,53
2667,26
2668,84
2669,87
2670,14
2671,43
2672,52
2673,75
2674,22
2675,89
2676,83
2677,43
2678,5
2679,51
2680,64
2681,80
2682,50
2683,1
2684,20
2685,70
2686,16
2687,97
2688,91
2689,57
2690,59
2691,28
2692,27
2693,53
2694,54
2695,43
2696,71
2697,80
2698,58
2699,85
2700,49
2701,17
2702,63
2703,22
2704,38
2705,21
2706,75
2707,90
2708,14
2709,60
2710,49
2711,50
2712,17
2713,94
2714,78
2715,94
2716,21
2717,5
2718,27
2719,49
2720,6
2721,78
2722,31
2723,91
2724,59
2725,95
2726,68
2727,7
2728,77
2729,86
2730,60
2731,76
2732,76
2733,38
2734,47
2735,68
2736,28
2737,6
2738,87
2739,5
2740,82
2741,88
2742,91
2743,92
2744,81
2745,15
2746,6
2747,45
2748,52
2749,68
2750,44
2751,83
2752,40
2753,56
2754,79
2755,88
2756,34
2757,19
2758,21
2759,47
2760,89
2761,77
2762,94
2763,26
2764,38
2765,61
2766,6
2767,5
2768,38
2769,27
2770,59
2771,5
2772,73
2773,32
2774,91
2775,76
2776,89
2777,2
2778,74
2779,69
2780,46
2781,27
2782,62
2783,43
2784,35
2785,61
2786,84
2787,25
2788,41
2789,12
2790,20
2791,43
2792,23
2793,21
2794,73
2795,68
2796,34
2797,94
2798,54
2799,38
2800,96
2801,76
2802,93
2803,94
2804,70
2805,88
2806,83
2807,32
2808,49
2809,4
2810,60
2811,96
2812,61
2813,68
2814,82
2815,62
2816,84
2817,87
2818,18
2819,34
2820,38
2821,36
2822,9
2823,31
2824,96
2825,24
2826,66
2827,85
2828,97
2829,69
2830,61
2831,82
2832,90
2833,35
2834,15
2835,66
2836,9
2837,39
2838,18
2839,18
2840,76
2841,78
2842,97
2843,86
2844,31
2845,99
2846,35
2847,84
2848,26
2849,66
2850,17
2851,60
2852,38
2853,67
2854,53
2855,85
2856,82
2857,44
2858,74
2859,24
2860,27
2861,40
2862,38
2863,46
2864,21
2865,70
2866,16
2867,84
2868,11
2869,56
2870,94
2871,60
2872,74
2873,31
2874,64
2875,68
2876,61
2877,52
2878,28
2879,72
2880,70
2881,23
2882,11
2883,22
2884,27
2885,58
2886,33
2887,75
2888,46
2889,68
2890,53
2891,75
2892,68
2893,25
2894,83
2895,36
2896,70
2897,86
2898,89
2899,78
2900,21
2901,43
2902,1
2903,53
2904,26
2905,86
2906,14
2907,91
2908,49
2909,42
2910,10
2911,90
2912,38
2913,71
2914,64
2915,22
2916,4
2917,75
2918,26
2919,48
2920,88
2921,99
2922,85
2923,43
2924,84
2925,46
2926,24
2927,31
2928,48
2929,21
2930,65
2931,52
2932,30
2933,97
2934,46
2935,2
2936,22
2937,43
2938,53
2939,27
2940,78
2941,33
2942,14
2943,24
2944,5
2945,94
2946,85
2947,73
2948,15
2949,15
2950,39
2951,41
2952,97
2953,82
2954,60
2955,4
2956,48
2957,97
2958,73
2959,50
2960,70
2961,85
2962,79
2963,54
2964,43
2965,20
2966,24
2967,27
2968,57
2969,69
2970,97
2971,53
2972,82
2973,24
2974,95
2975,14
2976,67
2977,96
2978,61
2979,8
2980,97
2981,61
2982,30
2983,97
2984,1
2985,29
2986,37
2987,86
2988,0
2989,36
2990,88
2991,8
2992,89
2993,44
2994,46
2995,68
2996,97
2997,71
2998,31
2999,73
3000,21
3001,83
3002,40
3003,94
3004,31
3005,0
3006,84
3007,69
3008,1
3009,18
3010,51
3011,46
3012,50
3013,33
3014,25
3015,78
3016,16
3017,90
3018,74
3019,38
3020,37
3021,60
3022,61
3023,34
3024,38
3025,21
3026,85
3027,58
3028,0
3029,7
3030,80
3031,51
3032,42
3033,21
3034,60
3035,8
3036,88
3037,54
3038,43
3039,78
3040,86
3041,75
3042,86
3043,27
3044,56
3045,21
3046,12
3047,44
3048,61
3049,51
3050,91
3051,43
3052,6
3053,98
3054,17
3055,41
3056,53
3057,10
3058,80
3059,53
3060,59
3061,31
3062,43
3063,95
3064,38
3065,67
3066,0
3067,95
3068,46
3069,10
3070,75
3071,87
3072,84
3073,47
3074,23
3075,75
3076,96
3077,9
3078,97
3079,18
3080,48
3081,65
3082,97
3083,85
3084,37
3085,5
3086,31
3087,32
3088,33
3089,47
3090,14
3091,94
3092,55
3093,10
3094,24
3095,5
3096,17
3097,30
3098,60
3099,3
3100,85
3101,54
3102,64
3103,26
3104,42
3105,24
3106,56
3107,82
3108,37
3109,16
3110,17
3111,82
3112,44
3113,31
3114,31
3115,53
3116,13
3117,87
3118,31
3119,86
3120,12
3121,21
3122,94
3123,57
3124,28
3125,34
3126,35
3127,75
3128,88
3129,74
3130,8
3131,78
3132,70
3133,97
3134,1
3135,43
3136,1
3137,71
3138,5
3139,95
3140,18
3141,94
3142,73
3143,21
3144,30
3145,86
3146,76
3147,67
3148,79
3149,94
3150,76
3151,5
3152,71
3153,15
3154,52
3155,38
3156,30
3157,5
3158,30
3159,71
3160,35
3161,6
3162,36
3163,76
3164,47
3165,17
3166,43
3167,76
3168,56
3169,3
3170,63
3171,2
3172,77
3173,17
3174,16
3175,89
3176,86
3177,89
3178,31
3179,88
3180,77
3181,41
3182,65
3183,95
3184,24
3185,33
3186,20
3187,5
3188,26
3189,17
3190,1
3191,50
3192,34
3193,89
3194,41
3195,59
3196,24
3197,91
3198,94
3199,17
3200,42
3201,87
3202,52
3203,20
3204,68
3205,93
3206,1
3207,24
3208,97
3209,61
3210,54
3211,20
3212,64
3213,73
3214,45
3215,81
3216,9
3217,70
3218,52
3219,68
3220,33
3221,67
3222,38
3223,49
3224,28
3225,64
3226,5
3227,54
3228,23
3229,50
3230,18
3231,90
3232,57
3233,43
3234,99
3235,20
3236,58
3237,90
3238,26
3239,49
3240,48
3241,29
3242,17
3243,12
3244,60
3245,43
3246,68
3247,99
3248,48
3249,99
3250,19
3251,90
3252,99
3253,61
3254,74
3255,86
3256,48
3257,36
3258,34
3259,74
3260,83
3261,63
3262,18
3263,6
3264,21
3265,31
3266,83
3267,76
3268,35
3269,39
3270,10
3271,86
3272,30
3273,2
3274,84
3275,44
3276,89
3277,73
3278,27
3279,9
3280,94
3281,6
3282,39
3283,38
3284,58
3285,12
3286,0
3287,91
3288,85
3289,60
3290,49
3291,17
3292,57
3293,20
3294,63
3295,67
3296,93
3297,91
3298,23
3299,6
3300,73
3301,52
3302,69
3303,56
3304,28
3305,51
3306,13
3307,54
3308,94
3309,43
3310,30
3311,82
3312,22
3313,2
3314,79
3315,2
3316,9
3317,24
3318,99
3319,15
3320,7
3321,13
3322,97
3323,60
3324,33
3325,97
3326,70
3327,33
3328,51
3329,80
3330,60
3331,86
3332,11
3333,26
3334,9
3335,10
3336,77
3337,18
3338,80
3339,68
3340,18
3341,75
3342,33
3343,15
3344,45
3345,74
3346,27
3347,39
3348,85
3349,20
3350,90
3351,3
3352,51
3353,1
3354,2
3355,53
3356,58
3357,60
3358,1
3359,58
3360,57
3361,62
3362,88
3363,76
3364,28
3365,46
3366,32
3367,62
3368,77
3369,89
3370,22
3371,55
3372,4
3373,8
3374,90
3375,0
3376,48
3377,48
3378,94
3379,38
3380,24
3381,79
3382,27
3383,37
3384,17
3385,29
3386,82
3387,42
3388,71
3389,15
3390,33
3391,20
3392,12
3393,21
3394,0
3395,54
3396,1
3397,11
3398,89
3399,99
3400,11
3401,85
3402,82
3403,14
3404,3
3405,88
3406,70
3407,8
3408,93
3409,15
3410,85
3411,14
3412,89
3413,83
3414,23
3415,14
3416,59
3417,19
3418,84
3419,68
3420,24
3421,92
3422,17
3423,19
3424,17
3425,36
3426,42
3427,97
3428,64
3429,53
3430,5
3431,28
3432,1
3433,84
3434,7
3435,1
3436,60
3437,84
3438,91
3439,71
3440,56
3441,52
3442,21
3443,59
3444,6
3445,74
3446,24
3447,75
3448,23
3449,47
3450,60
3451,57
3452,20
3453,76
3454,15
3455,49
3456,21
3457,76
3458,76
3459,29
3460,0
3461,31
3462,32
3463,34
3464,52
3465,56
3466,49
3467,8
3468,21
3469,58
3470,99
3471,71
3472,98
3473,14
3474,18
3475,65
3476,60
3477,31
3478,56
3479,99
3480,75
3481,94
3482,52
3483,91
3484,19
3485,2
3486,88
3487,28
3488,95
3489,71
3490,14
3491,85
3492,94
3493,43
3494,60
3495,73
3496,84
3497,53
3498,38
3499,1
3500,12
3501,38
3502,51
3503,29
3504,42
3505,99
3506,89
3507,61
3508,16
3509,60
3510,0
3511,24
3512,70
3513,17
3514,75
3515,56
3516,70
3517,42
3518,70
3519,0
3520,69
3521,7
3522,18
3523,17
3524,69
3525,48
3526,94
3527,8
3528,21
3529,24
3530,95
3531,1
3532,3
3533,65
3534,94
3535,2
3536,85
3537,58
3538,97
3539,56
3540,20
3541,68
3542,7
3543,81
3544,28
3545,2
3546,90
3547,43
3548,0
3549,14
3550,27
3551,52
3552,97
3553,37
3554,1
3555,60
3556,63
3557,20
3558,48
3559,92
3560,76
3561,20
3562,18
3563,5
3564,87
3565,28
3566,85
3567,87
3568,20
3569,2
3570,5
3571,12
3572,23
3573,93
3574,96
3575,87
3576,41
3577,99
3578,78
3579,75
3580,49
3581,43
3582,52
3583,12
3584,15
3585,74
3586,8
3587,73
3588,7
3589,61
3590,75
3591,22
3592,53
3593,69
3594,7
3595,86
3596,20
3597,43
3598,15
3599,11
3600,33
3601,70
3602,29
3603,90
3604,73
3605,24
3606,54
3607,34
3608,34
3609,16
3610,78
3611,80
3612,71
3613,54
3614,24
3615,36
3616,70
3617,30
3618,86
3619,20
3620,27
3621,38
3622,43
3623,27
3624,96
3625,92
3626,92
3627,80
3628,88
3629,16
3630,58
3631,79
3632,54
3633,73
3634,54
3635,52
3636,75
3637,52
3638,5
3639,48
3640,68
3641,86
3642,13
3643,12
3644,19
3645,52
3646,43
3647,90
3648,29
3649,67
3650,86
3651,51
3652,75
3653,21
3654,28
3655,13
3656,74
3657,60
3658,97
3659,66
3660,97
3661,93
3662,49
3663,97
3664,91
3665,54
3666,49
3667,77
3668,38
3669,85
3670,76
3671,41
3672,71
3673,77
3674,75
3675,58
3676,24
3677,17
3678,23
3679,54
3680,94
3681,82
3682,41
3683,22
3684,42
3685,24
3686,26
3687,88
3688,39
3689,34
3690,29
3691,70
3692,42
3693,78
3694,5
3695,86
3696,96
3697,41
3698,8
3699,42
3700,34
3701,81
3702,94
3703,41
3704,61
3705,0
3706,68
3707,58
3708,88
3709,21
3710,12
3711,56
3712,0
3713,1
3714,41
3715,21
3716,33
3717,75
3718,39
3719,12
3720,19
3721,68
3722,63
3723,16
3724,2
3725,0
3726,95
3727,90
3728,61
3729,5
3730,94
3731,97
3732,85
3733,41
3734,88
3735,59
3736,5
3737,71
3738,73
3739,25
3740,17
3741,73
3742,51
3743,23
3744,99
3745,30
3746,37
3747,97
3748,56
3749,54
3750,79
3751,0
3752,83
3753,5
3754,45
3755,26
3756,37
3757,0
3758,56
3759,84
3760,42
3761,96
3762,91
3763,85
3764,56
3765,46
3766,36
3767,93
3768,77
3769,15
3770,0
3771,41
3772,63
3773,52
3774,49
3775,81
3776,92
3777,63
3778,99
3779,74
3780,5
3781,0
3782,27
3783,86
3784,44
3785,79
3786,1
3787,94
3788,74
3789,6
3790,95
3791,47
3792,17
3793,5
3794,61
3795,41
3796,95
3797,76
3798,51
3799,81
3800,49
3801,83
3802,97
3803,66
3804,91
3805,97
3806,94
3807,20
3808,59
3809,21
3810,17
3811,47
3812,45
3813,60
3814,78
3815,58
3816,28
3817,97
3818,52
3819,4
3820,98
3821,85
3822,56
3823,14
3824,85
3825,48
3826,74
3827,16
3828,83
3829,91
3830,63
3831,97
3832,47
3833,68
3834,98
3835,87
3836,61
3837,69
3838,49
3839,50
3840,34
3841,92
3842,52
3843,30
3844,56
3845,14
3846,59
3847,62
3848,60
3849,97
3850,40
3851,69
3852,4
3853,53
3854,38
3855,39
3856,87
3857,47
3858,61
3859,18
3860,73
3861,78
3862,26
3863,40
3864,41
3865,47
3866,80
3867,42
3868,13
3869,9
3870,57
3871,93
3872,99
3873,8
3874,85
3875,22
3876,87
3877,97
3878,60
3879,2
3880,31
3881,27
3882,42
3883,8
3884,84
3885,53
3886,22
3887,68
3888,97
3889,74
3890,54
3891,84
3892,64
3893,29
3894,85
3895,25
3896,7
3897,85
3898,7
3899,27
3900,76
3901,87
3902,67
3903,46
3904,97
3905,60
3906,9
3907,82
3908,43
3909,68
3910,10
3911,71
3912,20
3913,90
3914,7
3915,87
3916,72
3917,7
3918,70
3919,18
3920,52
3921,6
3922,51
3923,80
3924,94
3925,5
3926,76
3927,13
3928,30
3929,73
3930,27
3931,17
3932,54
3933,71
3934,67
3935,68
3936,84
3937,82
3938,23
3939,19
3940,22
3941,13
3942,82
3943,10
3944,33
3945,27
3946,83
3947,89
3948,25
3949,76
3950,76
3951,97
3952,98
3953,92
3954,17
3955,21
3956,95
3957,75
3958,96
3959,14
3960,48
3961,27
3962,96
3963,38
3964,71
3965,96
3966,19
3967,28
3968,43
3969,47
3970,17
3971,41
3972,65
3973,67
3974,47
3975,82
3976,14
3977,23
3978,6
3979,44
3980,5
3981,79
3982,21
3983,72
3984,51
3985,32
3986,58
3987,29
3988,21
3989,75
3990,16
3991,90
3992,60
3993,50
3994,79
3995,6
3996,6
3997,31
3998,21
3999,52
4000,71
4001,1
4002,94
4003,77
4004,38
4005,77
4006,92
4007,58
4008,7
4009,41
4010,20
4011,93
4012,58
4013,94
4014,13
4015,31
4016,30
4017,30
4018,64
4019,85
4020,4
4021,14
4022,51
4023,16
4024,69
4025,49
4026,46
4027,58
4028,48
4029,9
4030,7
4031,94
4032,17
4033,33
4034,78
4035,52
4036,2
4037,61
4038,85
4039,43
4040,74
4041,76
4042,74
4043,5
4044,31
4045,56
4046,45
4047,41
4048,69
4049,66
4050,5
4051,43
4052,62
4053,87
4054,99
4055,29
4056,35
4057,27
4058,89
4059,31
4060,37
4061,93
4062,25
4063,57
4064,85
4065,60
4066,57
4067,33
4068,95
4069,45
4070,14
4071,35
4072,43
4073,82
4074,95
4075,80
4076,88
4077,36
4078,33
4079,99
4080,87
4081,50
4082,46
4083,81
4084,78
4085,73
4086,52
4087,89
4088,49
4089,51
4090,35
4091,99
4092,71
4093,76
4094,21
4095,81
4096,30
4097,33
4098,64
4099,53
4100,0
4101,63
4102,29
4103,82
4104,27
4105,69
4106,8
4107,34
4108,74
4109,89
4110,64
4111,61
4112,70
4113,79
4114,75
4115,76
4116,24
4117,42
4118,34
4119,97
4120,87
4121,68
4122,17
4123,86
4124,49
4125,20
4126,27
4127,38
4128,92
4129,91
4130,60
4131,65
4132,92
4133,17
4134,37
4135,42
4136,85
4137,12
4138,38
4139,24
4140,80
4141,46
4142,32
4143,91
4144,0
4145,6
4146,99
4147,48
4148,1
4149,17
4150,83
4151,45
4152,71
4153,97
4154,5
4155,43
4156,36
4157,4
4158,37
4159,57
4160,71
4161,80
4162,21
4163,61
4164,34
4165,30
4166,28
4167,68
4168,31
4169,73
4170,46
4171,94
4172,12
4173,21
4174,44
4175,88
4176,61
4177,34
4178,35
4179,41
4180,2
4181,21
4182,74
4183,97
4184,65
4185,81
4186,20
4187,21
4188,44
4189,68
4190,21
4191,3
4192,60
4193,76
4194,17
4195,39
4196,58
4197,32
4198,80
4199,15
4200,89
4201,39
4202,30
4203,43
4204,86
4205,24
4206,75
4207,23
4208,94
4209,60
4210,90
4211,68
4212,60
4213,52
4214,20
4215,63
4216,54
4217,53
4218,78
4219,4
4220,5
4221,57
4222,97
4223,13
4224,47
4225,64
4226,5
4227,2
4228,68
4229,92
4230,54
4231,17
4232,85
4233,54
4234,42
4235,69
4236,97
4237,24
4238,19
4239,99
4240,53
4241,34
4242,74
4243,86
4244,93
4245,94
4246,8
4247,2
4248,40
4249,38
4250,37
4251,33
4252,43
4253,80
4254,51
4255,88
4256,5
4257,2
4258,86
4259,20
4260,49
4261,96
4262,30
4263,26
4264,34
4265,41
4266,43
4267,18
4268,96
4269,37
4270,1
4271,97
4272,7
4273,31
4274,99
4275,73
4276,19
4277,64
4278,30
4279,38
4280,79
4281,16
4282,73
4283,20
4284,5
4285,38
4286,89
4287,56
4288,31
4289,0
4290,75
4291,17
4292,27
4293,91
4294,66
4295,10
4296,13
4297,61
4298,24
4299,85
4300,73
4301,78
4302,98
4303,88
4304,88
4305,14
4306,25
4307,89
4308,20
4309,18
4310,60
4311,33
4312,1
4313,43
4314,10
4315,1
4316,58
4317,46
4318,91
4319,77
4320,42
4321,9
4322,85
4323,9
4324,86
4325,9
4326,80
4327,68
4328,65
4329,63
4330,59
4331,20
4332,15
4333,98
4334,9
4335,89
4336,70
4337,49
4338,32
4339,90
4340,0
4341,12
4342,75
4343,68
4344,71
4345,75
4346,53
4347,42
4348,48
4349,84
4350,8
4351,67
4352,89
4353,31
4354,36
4355,28
4356,1
4357,66
4358,17
4359,5
4360,0
4361,58
4362,52
4363,38
4364,75
4365,43
4366,85
4367,53
4368,83
4369,1
4370,59
4371,93
4372,57
4373,70
4374,6
4375,68
4376,82
4377,57
4378,64
4379,17
4380,76
4381,49
4382,28
4383,64
4384,87
4385,98
4386,51
4387,57
4388,95
4389,61
4390,38
4391,28
4392,24
4393,46
4394,51
4395,2
4396,70
4397,74
4398,52
4399,2
4400,24
4401,6
4402,27
4403,53
4404,89
4405,74
4406,68
4407,24
4408,49
4409,51
4410,80
4411,36
4412,75
4413,33
4414,91
4415,15
4416,12
4417,43
4418,24
4419,31
4420,2
4421,68
4422,79
4423,75
4424,13
4425,41
4426,64
4427,87
4428,7
4429,42
4430,43
4431,18
4432,43
4433,0
4434,35
4435,15
4436,18
4437,49
4438,96
4439,94
4440,96
4441,34
4442,24
4443,86
4444,20
4445,29
4446,72
4447,66
4448,23
4449,38
4450,26
4451,4
4452,43
4453,92
4454,18
4455,74
4456,58
4457,18
4458,61
4459,0
4460,52
4461,92
4462,96
4463,75
4464,85
4465,52
4466,94
4467,20
4468,61
4469,42
4470,75
4471,96
4472,7
4473,21
4474,19
4475,22
4476,91
4477,75
4478,75
4479,73
4480,84
4481,75
4482,6
4483,85
4484,2
4485,42
4486,33
4487,6
4488,18
4489,12
4490,95
4491,31
4492,60
4493,51
4494,17
4495,15
4496,5
4497,17
4498,12
4499,47
4500,32
4501,21
4502,62
4503,93
4504,52
4505,66
4506,58
4507,60
4508,15
4509,69
4510,17
4511,86
4512,21
4513,29
4514,34
4515,56
4516,91
4517,89
4518,23
4519,53
4520,94
4521,85
4522,73
4523,54
4524,30
4525,57
4526,98
4527,33
4528,25
4529,97
4530,59
4531,14
4532,75
4533,72
4534,53
4535,91
4536,58
4537,97
4538,20
4539,55
4540,12
4541,31
4542,52
4543,62
4544,94
4545,94
4546,86
4547,29
4548,42
4549,94
4550,21
4551,80
4552,1
4553,52
4554,75
4555,27
4556,60
4557,70
4558,34
4559,56
4560,11
4561,2
4562,61
4563,17
4564,20
4565,26
4566,73
4567,70
4568,25
4569,78
4570,2
4571,95
4572,53
4573,97
4574,36
4575,81
4576,78
4577,97
4578,41
4579,4
4580,95
4581,47
4582,52
4583,83
4584,68
4585,21
4586,87
4587,92
4588,58
4589,98
4590,14
4591,24
4592,30
4593,99
4594,32
4595,86
4596,67
4597,76
4598,68
4599,21
4600,70
4601,93
4602,97
4603,77
4604,18
4605,14
4606,42
4607,61
4608,33
4609,38
4610,89
4611,39
4612,84
4613,70
4614,93
4615,60
4616,7
4617,52
4618,66
4619,99
4620,33
4621,34
4622,38
4623,46
4624,62
4625,29
4626,4
4627,3
4628,31
4629,61
4630,2
4631,43
4632,43
4633,81
4634,66
4635,46
4636,66
4637,18
4638,5
4639,17
4640,20
4641,70
4642,76
4643,67
4644,72
4645,67
4646,2
4647,88
4648,29
4649,48
4650,95
4651,68
4652,9
4653,51
4654,84
4655,94
4656,13
4657,52
4658,90
4659,46
4660,12
4661,71
4662,93
4663,17
4664,76
4665,28
4666,24
4667,97
4668,5
4669,33
4670,56
4671,79
4672,27
4673,47
4674,81
4675,48
4676,48
4677,69
4678,90
4679,94
4680,89
4681,97
4682,90
4683,57
4684,6
4685,18
4686,7
4687,50
4688,13
4689,90
4690,69
4691,89
4692,66
4693,1
4694,37
4695,91
4696,4
4697,57
4698,9
4699,54
4700,18
4701,62
4702,42
4703,34
4704,61
4705,54
4706,34
4707,39
4708,75
4709,11
4710,51
4711,43
4712,33
4713,97
4714,74
4715,21
4716,1
4717,99
4718,27
4719,96
4720,74
4721,67
4722,20
4723,43
4724,66
4725,28
4726,59
4727,28
4728,29
4729,96
4730,52
4731,90
4732,7
4733,74
4734,16
4735,54
4736,47
4737,33
4738,64
4739,49
4740,37
4741,41
4742,88
4743,30
4744,76
4745,21
4746,82
4747,52
4748,74
4749,42
4750,46
4751,38
4752,43
4753,32
4754,38
4755,20
4756,25
4757,31
4758,94
4759,67
4760,0
4761,28
4762,5
4763,71
4764,23
4765,20
4766,71
4767,53
4768,52
4769,13
4770,30
4771,5
4772,24
4773,5
4774,60
4775,92
4776,95
4777,71
4778,74
4779,34
4780,57
4781,24
4782,67
4783,35
4784,12
4785,82
4786,78
4787,33
4788,13
4789,2
4790,26
4791,63
4792,0
4793,37
4794,95
4795,52
4796,24
4797,70
4798,27
4799,86
4800,39
4801,17
4802,71
4803,71
4804,20
4805,93
4806,28
4807,49
4808,37
4809,39
4810,97
4811,61
4812,51
4813,1
4814,61
4815,24
4816,69
4817,31
4818,33
4819,21
4820,78
4821,85
4822,76
4823,48
4824,86
4825,20
4826,30
4827,42
4828,33
4829,39
4830,9
4831,43
4832,7
4833,72
4834,69
4835,6
4836,11
4837,86
4838,85
4839,35
4840,43
4841,23
4842,43
4843,61
4844,68
4845,61
4846,35
4847,87
4848,9
4849,68
4850,50
4851,82
4852,31
4853,94
4854,43
4855,54
4856,42
4857,76
4858,23
4859,94
4860,75
4861,99
4862,5
4863,64
4864,85
4865,84
4866,68
4867,85
4868,91
4869,61
4870,75
4871,38
4872,91
4873,19
4874,19
4875,79
4876,2
4877,42
4878,57
4879,17
4880,40
4881,86
4882,80
4883,87
4884,5
4885,40
4886,8
4887,12
4888,59
4889,89
4890,16
4891,16
4892,48
4893,49
4894,98
4895,97
4896,1
4897,39
4898,48
4899,87
4900,11
4901,27
4902,87
4903,75
4904,17
4905,56
4906,43
4907,48
4908,63
4909,95
4910,97
4911,3
4912,53
4913,59
4914,38
4915,21
4916,60
4917,35
4918,20
4919,69
4920,23
4921,64
4922,36
4923,0
4924,86
4925,59
4926,34
4927,56
4928,40
4929,80
4930,49
4931,17
4932,54
4933,94
4934,4
4935,63
4936,50
4937,44
4938,30
4939,54
4940,67
4941,7
4942,87
4943,18
4944,75
4945,18
4946,33
4947,94
4948,57
4949,97
4950,68
4951,24
4952,79
4953,1
4954,32
4955,76
4956,65
4957,96
4958,41
4959,95
4960,8
4961,6
4962,98
4963,0
4964,93
4965,0
4966,20
4967,49
4968,51
4969,3
4970,75
4971,42
4972,38
4973,68
4974,24
4975,47
4976,31
4977,47
4978,70
4979,99
4980,8
4981,17
4982,51
4983,91
4984,63
4985,80
4986,13
4987,18
4988,36
4989,62
4990,54
4991,34
4992,42
4993,59
4994,97
4995,5
4996,11
4997,75
4998,21
4999,39
5000,56
5001,53
5002,82
5003,14
5004,71
5005,82
5006,49
5007,39
5008,85
5009,19
5010,61
5011,17
5012,30
5013,7
5014,68
5015,82
5016,80
5017,54
5018,68
5019,47
5020,68
5021,91
5022,53
5023,23
5024,84
5025,13
5026,35
5027,5
5028,54
5029,15
5030,9
5031,63
5032,87
5033,44
5034,43
5035,1
5036,59
5037,41
5038,75
5039,71
5040,97
5041,37
5042,76
5043,21
5044,22
5045,49
5046,46
5047,92
5048,86
5049,52
5050,75
5051,74
5052,33
5053,85
5054,84
5055,63
5056,91
5057,80
5058,9
5059,18
5060,97
5061,94
5062,76
5063,81
5064,48
5065,53
5066,98
5067,19
5068,84
5069,1
5070,32
5071,16
5072,77
5073,66
5074,99
5075,75
5076,21
5077,90
5078,97
5079,75
5080,2
5081,37
5082,39
5083,36
5084,14
5085,32
5086,27
5087,29
5088,1
5089,87
5090,21
5091,95
5092,22
5093,61
5094,52
5095,77
5096,20
5097,91
5098,68
5099,43
5100,76
5101,36
5102,7
5103,15
5104,49
5105,30
5106,18
5107,29
5108,83
5109,42
5110,58
5111,77
5112,87
5113,66
5114,47
5115,17
5116,84
5117,97
5118,84
5119,68
5120,21
5121,58
5122,59
5123,62
5124,58
5125,86
5126,99
5127,48
5128,74
5129,58
5130,90
5131,35
5132,21
5133,37
5134,33
5135,97
5136,12
5137,17
5138,94
5139,9
5140,23
5141,89
5142,94
5143,74
5144,32
5145,47
5146,25
5147,98
5148,15
5149,68
5150,38
5151,23
5152,1
5153,68
5154,28
5155,24
5156,21
5157,95
5158,47
5159,97
5160,51
5161,54
5162,48
5163,21
5164,75
5165,4
5166,75
5167,21
5168,44
5169,85
5170,0
5171,8
5172,28
5173,30
5174,46
5175,58
5176,89
5177,36
5178,94
5179,86
5180,34
5181,94
5182,34
5183,35
5184,58
5185,42
5186,71
5187,69
5188,42
5189,89
5190,24
5191,24
5192,49
5193,56
5194,71
5195,87
5196,71
5197,9
5198,24
5199,88
5200,99
5201,85
5202,25
5203,61
5204,57
5205,60
5206,80
5207,74
5208,75
5209,18
5210,23
5211,0
5212,60
5213,95
5214,24
5215,16
5216,86
5217,74
5218,14
5219,43
5220,91
5221,30
5222,20
5223,52
5224,52
5225,49
5226,98
5227,8
5228,30
5229,86
5230,47
5231,38
5232,23
5233,4
5234,99
5235,56
5236,93
5237,52
5238,56
5239,5
5240,60
5241,49
5242,80
5243,63
5244,75
5245,56
5246,24
5247,30
5248,76
5249,66
5250,54
5251,16
5252,3
5253,88
5254,38
5255,30
5256,55
5257,31
5258,57
5259,69
5260,82
5261,14
5262,76
5263,52
5264,71
5265,96
5266,52
5267,60
5268,69
5269,17
5270,61
5271,36
5272,90
5273,48
5274,77
5275,95
5276,78
5277,53
5278,32
5279,33
5280,76
5281,68
5282,53
5283,73
5284,96
5285,25
5286,85
5287,17
5288,5
5289,1
5290,79
5291,97
5292,45
5293,97
5294,81
5295,87
5296,14
5297,53
5298,20
5299,97
5300,29
5301,68
5302,6
5303,47
5304,8
5305,67
5306,0
5307,89
5308,54
5309,57
5310,78
5311,87
5312,97
5313,60
5314,89
5315,16
5316,38
5317,58
5318,99
5319,54
5320,75
5321,17
5322,21
5323,60
5324,40
5325,58
5326,83
5327,38
5328,20
5329,42
5330,59
5331,94
5332,61
5333,94
5334,5
5335,95
5336,97
5337,59
5338,46
5339,44
5340,67
5341,46
5342,89
5343,84
5344,52
5345,98
5346,78
5347,64
5348,45
5349,71
5350,58
5351,33
5352,36
5353,7
5354,19
5355,76
5356,42
5357,61
5358,80
5359,86
5360,44
5361,43
5362,74
5363,74
5364,89
5365,61
5366,63
5367,85
5368,30
5369,99
5370,0
5371,65
5372,20
5373,33
5374,17
5375,40
5376,36
5377,28
5378,64
5379,49
5380,95
5381,94
5382,0
5383,38
5384,60
5385,3
5386,40
5387,94
5388,34
5389,6
5390,82
5391,36
5392,28
5393,26
5394,61
5395,29
5396,27
5397,24
5398,86
5399,39
5400,17
5401,54
5402,80
5403,31
5404,39
5405,74
5406,12
5407,31
5408,97
5409,38
5410,52
5411,61
5412,94
5413,75
5414,25
5415,41
5416,86
5417,71
5418,24
5419,18
5420,73
5421,1
5422,38
5423,12
5424,97
5425,58
5426,29
5427,14
5428,94
5429,85
5430,48
5431,16
5432,8
5433,74
5434,59
5435,70
5436,83
5437,58
5438,62
5439,60
5440,9
5441,44
5442,49
5443,71
5444,57
5445,47
5446,16
5447,73
5448,56
5449,38
5450,45
5451,28
5452,34
5453,43
5454,86
5455,60
5456,24
5457,20
5458,27
5459,60
5460,77
5461,38
5462,73
5463,37
5464,30
5465,12
5466,21
5467,97
5468,95
5469,94
5470,52
5471,42
5472,43
5473,20
5474,43
5475,91
5476,62
5477,76
5478,27
5479,97
5480,74
5481,78
5482,28
5483,38
5484,51
5485,94
5486,95
5487,24
5488,99
5489,38
5490,54
5491,1
5492,28
5493,7
5494,35
5495,58
5496,0
5497,79
5498,8
5499,33
5500,71
5501,43
5502,87
5503,21
5504,37
5505,8
5506,82
5507,19
5508,26
5509,12
5510,80
5511,69
5512,34
5513,80
5514,54
5515,51
5516,15
5517,31
5518,7
5519,19
5520,70
5521,2
5522,86
5523,15
5524,36
5525,28
5526,76
5527,5
5528,96
5529,6
5530,3
5531,87
5532,93
5533,75
5534,1
5535,43
5536,35
5537,68
5538,52
5539,18
5540,66
5541,4
5542,37
5543,65
5544,81
5545,36
5546,34
5547,76
5548,72
5549,20
5550,89
5551,69
5552,22
5553,71
5554,95
5555,22
5556,7
5557,7
5558,6
5559,95
5560,73
5561,60
5562,63
5563,52
5564,81
5565,94
5566,25
5567,23
5568,58
5569,42
5570,97
5571,85
5572,48
5573,82
5574,21
5575,72
5576,19
5577,33
5578,13
5579,31
5580,33
5581,76
5582,87
5583,75
5584,70
5585,67
5586,61
5587,5
5588,75
5589,33
5590,33
5591,63
5592,1
5593,41
5594,62
5595,42
5596,87
5597,23
5598,63
5599,22
5600,85
5601,80
5602,46
5603,20
5604,7
5605,48
5606,63
5607,94
5608,69
5609,68
5610,33
5611,49
5612,48
5613,63
5614,84
5615,31
5616,54
5617,28
5618,27
5619,34
5620,17
5621,31
5622,70
5623,98
5624,86
5625,22
5626,50
5627,84
5628,74
5629,56
5630,68
5631,54
5632,5
5633,73
5634,17
5635,81
5636,35
5637,17
5638,60
5639,4
5640,34
5641,69
5642,72
5643,94
5644,43
5645,47
5646,9
5647,5
5648,18
5649,9
5650,34
5651,67
5652,23
5653,24
5654,39
5655,57
5656,73
5657,60
5658,62
5659,33
5660,68
5661,52
5662,34
5663,85
5664,9
5665,14
5666,94
5667,73
5668,70
5669,52
5670,91
5671,97
5672,55
5673,7
5674,31
5675,0
5676,61
5677,24
5678,59
5679,0
5680,83
5681,3
5682,90
5683,20
5684,54
5685,11
5686,2
5687,5
5688,65
5689,78
5690,79
5691,86
5692,92
5693,3
5694,21
5695,49
5696,57
5697,36
5698,7
5699,61
5700,16
5701,64
5702,75
5703,23
5704,2
5705,24
5706,87
5707,29
5708,54
5709,16
5710,38
5711,50
5712,16
5713,54
5714,22
5715,1
5716,0
5717,81
5718,31
5719,94
5720,91
5721,49
5722,56
5723,18
5724,99
5725,70
5726,88
5727,0
5728,25
5729,93
5730,31
5731,0
5732,58
5733,40
5734,39
5735,93
5736,58
5737,86
5738,85
5739,44
5740,57
5741,9
5742,61
5743,68
5744,50
5745,98
5746,43
5747,94
5748,81
5749,17
5750,95
5751,72
5752,8
5753,62
5754,76
5755,22
5756,58
5757,59
5758,28
5759,79
5760,2
5761,76
5762,53
5763,90
5764,78
5765,97
5766,28
5767,21
5768,94
5769,54
5770,77
5771,79
5772,8
5773,73
5774,84
5775,20
5776,5
5777,71
5778,12
5779,4
5780,91
5781,50
5782,97
5783,54
5784,62
5785,99
5786,92
5787,4
5788,34
5789,62
5790,68
5791,30
5792,24
5793,13
5794,31
5795,55
5796,76
5797,99
5798,2
5799,20
5800,79
5801,42
5802,38
5803,30
5804,73
5805,93
5806,41
5807,0
5808,28
5809,53
5810,13
5811,68
5812,82
5813,48
5814,71
5815,23
5816,60
5817,81
5818,13
5819,87
5820,51
5821,2
5822,59
5823,56
5824,1
5825,94
5826,85
5827,76
5828,59
5829,38
5830,27
5831,31
5832,63
5833,43
5834,85
5835,44
5836,62
5837,56
5838,94
5839,41
5840,6
5841,7
5842,86
5843,8
5844,46
5845,39
5846,37
5847,32
5848,62
5849,28
5850,33
5851,93
5852,84
5853,57
5854,47
5855,21
5856,30
5857,17
5858,1
5859,18
5860,65
5861,53
5862,94
5863,0
5864,60
5865,16
5866,54
5867,7
5868,52
5869,68
5870,78
5871,86
5872,74
5873,74
5874,4
5875,71
5876,85
5877,8
5878,49
5879,40
5880,17
5881,62
5882,27
5883,86
5884,28
5885,0
5886,52
5887,1
5888,49
5889,34
5890,26
5891,99
5892,75
5893,13
5894,39
5895,75
5896,1
5897,14
5898,43
5899,41
5900,0
5901,30
5902,97
5903,97
5904,83
5905,42
5906,70
5907,73
5908,21
5909,30
5910,54
5911,27
5912,97
5913,0
5914,57
5915,78
5916,84
5917,53
5918,76
5919,52
5920,89
5921,84
5922,61
5923,24
5924,80
5925,67
5926,20
5927,71
5928,65
5929,33
5930,61
5931,62
5932,57
5933,66
5934,69
5935,13
5936,13
5937,4
5938,66
5939,54
5940,39
5941,60
5942,67
5943,6
5944,19
5945,34
5946,19
5947,88
5948,54
5949,27
5950,81
5951,49
5952,71
5953,68
5954,24
5955,66
5956,14
5957,89
5958,42
5959,61
5960,6
5961,30
5962,15
5963,5
5964,99
5965,60
5966,8
5967,62
5968,87
5969,5
5970,97
5971,35
5972,34
5973,27
5974,85
5975,70
5976,28
5977,59
5978,22
5979,8
5980,35
5981,90
5982,21
5983,22
5984,98
5985,68
5986,95
5987,22
5988,16
5989,30
5990,24
5991,61
5992,24
5993,70
5994,25
5995,20
5996,81
5997,60
5998,54
5999,99
6000,18
6001,18
6002,35
6003,49
6004,47
6005,59
6006,30
6007,88
6008,94
6009,30
6010,91
6011,17
6012,58
6013,73
6014,18
6015,27
6016,95
6017,71
6018,9
6019,74
6020,82
6021,2
6022,70
6023,35
6024,46
6025,9
6026,88
6027,66
6028,16
6029,30
6030,82
6031,61
6032,47
6033,40
6034,28
6035,51
6036,93
6037,43
6038,54
6039,16
6040,33
6041,16
6042,39
6043,70
6044,15
6045,50
6046,94
6047,62
6048,52
6049,70
6050,70
6051,2
6052,31
6053,52
6054,4
6055,80
6056,99
6057,16
6058,21
6059,28
6060,98
6061,93
6062,96
6063,89
6064,18
6065,24
6066,49
6067,34
6068,42
6069,22
6070,68
6071,28
6072,49
6073,24
6074,85
6075,89
6076,69
6077,21
6078,82
6079,61
6080,97
6081,11
6082,36
6083,17
6084,29
6085,42
6086,14
6087,29
6088,66
6089,9
6090,63
6091,78
6092,97
6093,51
6094,43
6095,94
6096,35
6097,23
6098,20
6099,0
6100,81
6101,87
6102,70
6103,34
6104,31
6105,42
6106,56
6107,23
6108,68
6109,4
6110,43
6111,48
6112,39
6113,21
6114,96
6115,63
6116,32
6117,39
6118,52
6119,20
6120,4
6121,24
6122,97
6123,65
6124,42
6125,30
6126,65
6127,6
6128,28
6129,23
6130,31
6131,97
6132,21
6133,6
6134,32
6135,36
6136,74
6137,52
6138,58
6139,28
6140,3
6141,20
6142,56
6143,78
6144,48
6145,5
6146,24
6147,45
6148,98
6149,12
6150,73
6151,31
6152,34
6153,79
6154,27
6155,6
6156,88
6157,97
6158,21
6159,86
6160,27
6161,75
6162,34
6163,34
6164,59
6165,22
6166,53
6167,70
6168,92
6169,11
6170,38
6171,29
6172,17
6173,95
6174,47
6175,34
6176,95
6177,92
6178,54
6179,49
6180,43
6181,68
6182,76
6183,6
6184,28
6185,16
6186,82
6187,28
6188,99
6189,97
6190,59
6191,87
6192,26
6193,94
6194,55
6195,51
6196,2
6197,34
6198,2
6199,53
6200,31
6201,4
6202,93
6203,48
6204,27
6205,95
6206,28
6207,80
6208,60
6209,21
6210,79
6211,13
6212,45
6213,87
6214,14
6215,64
6216,30
6217,9
6218,99
6219,70
6220,52
6221,84
6222,62
6223,17
6224,61
6225,22
6226,80
6227,36
6228,75
6229,63
6230,35
6231,99
6232,56
6233,20
6234,95
6235,68
6236,96
6237,89
6238,61
6239,9
6240,23
6241,11
6242,3
6243,38
6244,7
6245,39
6246,59
6247,53
6248,73
6249,47
6250,60
6251,28
6252,34
6253,0
6254,0
6255,21
6256,34
6257,15
6258,24
6259,12
6260,52
6261,60
6262,81
6263,57
6264,52
6265,87
6266,8
6267,22
6268,2
6269,22
6270,26
6271,56
6272,43
6273,71
6274,30
6275,60
6276,78
6277,7
6278,34
6279,3
6280,1
6281,23
6282,18
6283,71
6284,44
6285,84
6286,38
6287,93
6288,80
6289,5
6290,43
6291,46
6292,8
6293,88
6294,57
6295,52
6296,27
6297,99
6298,53
6299,86
6300,31
6301,35
6302,36
6303,75
6304,61
6305,21
6306,63
6307,29
6308,33
6309,29
6310,51
6311,81
6312,54
6313,29
6314,14
6315,71
6316,68
6317,98
6318,95
6319,59
6320,74
6321,98
6322,17
6323,86
6324,61
6325,77
6326,88
6327,1
6328,97
6329,16
6330,74
6331,94
6332,52
6333,52
6334,21
6335,63
6336,16
6337,69
6338,41
6339,32
6340,87
6341,37
6342,61
6343,3
6344,44
6345,23
6346,38
6347,98
6348,50
6349,30
6350,45
6351,54
6352,60
6353,21
6354,76
6355,30
6356,54
6357,66
6358,73
6359,21
6360,41
6361,24
6362,52
6363,21
6364,20
6365,41
6366,62
6367,47
6368,87
6369,63
6370,22
6371,72
6372,79
6373,67
6374,98
6375,18
6376,71
6377,75
6378,97
6379,17
6380,83
6381,54
6382,31
6383,21
6384,25
6385,73
6386,69
6387,21
6388,82
6389,75
6390,94
6391,42
6392,12
6393,18
6394,15
6395,42
6396,58
6397,6
6398,15
6399,15
6400,53
6401,42
6402,67
6403,58
6404,67
6405,52
6406,17
6407,59
6408,5
6409,64
6410,17
6411,5
6412,37
6413,94
6414,70
6415,83
6416,26
6417,43
6418,15
6419,76
6420,33
6421,60
6422,31
6423,43
6424,91
6425,68
6426,52
6427,15
6428,29
6429,5
6430,59
6431,5
6432,71
6433,97
6434,19
6435,86
6436,65
6437,48
6438,29
6439,67
6440,9
6441,5
6442,7
6443,42
6444,33
6445,43
6446,77
6447,97
6448,53
6449,13
6450,29
6451,91
6452,47
6453,77
6454,56
6455,38
6456,80
6457,20
6458,48
6459,30
6460,13
6461,99
6462,18
6463,6
6464,58
6465,31
6466,69
6467,18
6468,74
6469,51
6470,32
6471,30
6472,69
6473,40
6474,85
6475,15
6476,62
6477,5
6478,32
6479,52
6480,59
6481,43
6482,22
6483,24
6484,15
6485,81
6486,63
6487,58
6488,99
6489,95
6490,22
6491,20
6492,63
6493,32
6494,4
6495,29
6496,72
6497,91
6498,77
6499,43
6500,61
6501,93
6502,2
6503,14
6504,47
6505,53
6506,85
6507,5
6508,33
6509,29
6510,73
6511,86
6512,94
6513,98
6514,33
6515,24
6516,53
6517,12
6518,80
6519,89
6520,70
6521,4
6522,61
6523,71
6524,25
6525,24
6526,55
6527,37
6528,97
6529,91
6530,61
6531,1
6532,18
6533,36
6534,11
6535,15
6536,43
6537,97
6538,31
6539,43
6540,34
6541,6
6542,18
6543,23
6544,15
6545,24
6546,76
6547,48
6548,56
6549,80
6550,1
6551,53
6552,99
6553,17
6554,33
6555,27
6556,85
6557,68
6558,77
6559,61
6560,34
6561,74
6562,33
6563,60
6564,9
6565,33
6566,78
6567,31
6568,22
6569,60
6570,61
6571,24
6572,68
6573,35
6574,70
6575,34
6576,65
6577,35
6578,79
6579,78
6580,82
6581,46
6582,37
6583,36
6584,86
6585,2
6586,49
6587,37
6588,52
6589,39
6590,84
6591,86
6592,96
6593,53
6594,20
6595,89
6596,67
6597,16
6598,76
6599,31
6600,31
6601,83
6602,79
6603,3
6604,16
6605,38
6606,46
6607,52
6608,76
6609,5
6610,17
6611,2
6612,52
6613,73
6614,87
6615,31
6616,94
6617,46
6618,66
6619,20
6620,96
6621,89
6622,87
6623,64
6624,94
6625,18
6626,31
6627,24
6628,0
6629,76
6630,44
6631,80
6632,58
6633,41
6634,6
6635,47
6636,76
6637,44
6638,36
6639,21
6640,90
6641,1
6642,74
6643,96
6644,91
6645,30
6646,85
6647,82
6648,63
6649,30
6650,71
6651,2
6652,97
6653,87
6654,43
6655,32
6656,86
6657,84
6658,17
6659,27
6660,53
6661,60
6662,57
6663,83
6664,79
6665,32
6666,38
6667,25
6668,6
6669,24
6670,69
6671,97
6672,98
6673,22
6674,49
6675,21
6676,1
6677,1
6678,21
6679,43
6680,99
6681,42
6682,80
6683,36
6684,76
6685,89
6686,31
6687,82
6688,85
6689,61
6690,77
6691,90
6692,74
6693,34
6694,72
6695,79
6696,85
6697,45
6698,2
6699,75
6700,78
6701,17
6702,95
6703,7
6704,97
6705,79
6706,74
6707,91
6708,47
6709,84
6710,61
6711,94
6712,10
6713,8
6714,91
6715,27
6716,2
6717,37
6718,21
6719,98
6720,45
6721,80
6722,20
6723,66
6724,40
6725,37
6726,42
6727,30
6728,63
6729,51
6730,48
6731,79
6732,6
6733,94
6734,87
6735,34
6736,95
6737,14
6738,14
6739,23
6740,88
6741,47
6742,13
6743,58
6744,76
6745,44
6746,97
6747,69
6748,24
6749,76
6750,57
6751,91
6752,66
6753,91
6754,70
6755,6
6756,73
6757,31
6758,36
6759,4
6760,39
6761,9
6762,60
6763,84
6764,33
6765,38
6766,78
6767,42
6768,59
6769,69
6770,54
6771,21
6772,37
6773,52
6774,16
6775,2
6776,76
6777,39
6778,10
6779,77
6780,43
6781,23
6782,41
6783,47
6784,86
6785,17
6786,1
6787,70
6788,27
6789,43
6790,17
6791,49
6792,64
6793,69
6794,3
6795,61
6796,75
6797,24
6798,23
6799,72
6800,2
6801,57
6802,43
6803,9
6804,89
6805,84
6806,0
6807,89
6808,24
6809,94
6810,67
6811,66
6812,71
6813,2
6814,58
6815,77
6816,28
6817,66
6818,44
6819,2
6820,52
6821,92
6822,89
6823,94
6824,37
6825,59
6826,24
6827,0
6828,62
6829,52
6830,11
6831,5
6832,46
6833,6
6834,85
6835,56
6836,96
6837,77
6838,93
6839,62
6840,48
6841,98
6842,54
6843,56
6844,50
6845,62
6846,52
6847,70
6848,34
6849,19
6850,67
6851,24
6852,28
6853,31
6854,38
6855,45
6856,97
6857,57
6858,85
6859,0
6860,41
6861,17
6862,33
6863,64
6864,68
6865,8
6866,85
6867,69
6868,48
6869,19
6870,60
6871,90
6872,88
6873,90
6874,90
6875,2
6876,54
6877,45
6878,61
6879,2
6880,19
6881,68
6882,17
6883,0
6884,81
6885,97
6886,9
6887,99
6888,77
6889,64
6890,22
6891,97
6892,67
6893,61
6894,73
6895,43
6896,70
6897,92
6898,56
6899,76
6900,86
6901,91
6902,48
6903,85
6904,12
6905,6
6906,54
6907,85
6908,49
6909,47
6910,67
6911,51
6912,54
6913,15
6914,58
6915,97
6916,56
6917,38
6918,48
6919,20
6920,30
6921,13
6922,53
6923,18
6924,42
6925,18
6926,52
6927,54
6928,53
6929,68
6930,56
6931,53
6932,87
6933,18
6934,37
6935,89
6936,44
6937,38
6938,31
6939,62
6940,81
6941,79
6942,28
6943,20
6944,78
6945,33
6946,21
6947,41
6948,86
6949,9
6950,81
6951,42
6952,23
6953,71
6954,89
6955,49
6956,26
6957,71
6958,78
6959,40
6960,20
6961,37
6962,86
6963,76
6964,22
6965,83
6966,60
6967,38
6968,79
6969,65
6970,3
6971,16
6972,14
6973,52
6974,96
6975,53
6976,32
6977,79
6978,10
6979,63
6980,46
6981,8
6982,37
6983,52
6984,35
6985,3
6986,99
6987,13
6988,39
6989,75
6990,3
6991,55
6992,60
6993,96
6994,20
6995,22
6996,43
6997,19
6998,2
6999,7
7000,35
7001,91
7002,43
7003,7
7004,51
7005,96
7006,89
7007,0
7008,91
7009,73
7010,21
7011,3
7012,9
7013,21
7014,21
7015,89
7016,38
7017,82
7018,74
7019,6
7020,88
7021,43
7022,14
7023,88
7024,28
7025,0
7026,17
7027,81
7028,97
7029,39
7030,97
7031,59
7032,31
7033,86
7034,42
7035,62
7036,86
7037,35
7038,11
7039,49
7040,45
7041,53
7042,73
7043,85
7044,46
7045,5
7046,5
7047,40
7048,95
7049,62
7050,99
7051,17
7052,47
7053,86
7054,28
7055,29
7056,62
7057,90
7058,54
7059,86
7060,50
7061,46
7062,36
7063,86
7064,21
7065,1
7066,79
7067,97
7068,18
7069,56
7070,85
7071,20
7072,23
7073,88
7074,24
7075,79
7076,2
7077,46
7078,31
7079,21
7080,13
7081,95
7082,24
7083,66
7084,84
7085,63
7086,85
7087,91
7088,4
7089,71
7090,94
7091,93
7092,28
7093,22
7094,48
7095,24
7096,44
7097,1
7098,68
7099,1
7100,60
7101,50
7102,27
7103,39
7104,77
7105,41
7106,21
7107,49
7108,19
7109,48
7110,48
7111,5
7112,93
7113,97
7114,80
7115,38
7116,12
7117,14
7118,23
7119,57
7120,70
7121,85
7122,70
7123,94
7124,1
7125,22
7126,5
7127,31
7128,91
7129,62
7130,2
7131,75
7132,85
7133,15
7134,48
7135,27
7136,20
7137,88
7138,86
7139,62
7140,55
7141,42
7142,27
7143,51
7144,30
7145,68
7146,21
7147,31
7148,95
7149,63
7150,64
7151,12
7152,14
7153,47
7154,76
7155,17
7156,32
7157,19
7158,96
7159,16
7160,1
7161,15
7162,18
7163,35
7164,33
7165,23
7166,77
7167,49
7168,62
7169,72
7170,54
7171,8
7172,86
7173,97
7174,28
7175,26
7176,68
7177,75
7178,57
7179,1
7180,60
7181,51
7182,72
7183,94
7184,61
7185,97
7186,96
7187,58
7188,85
7189,74
7190,57
7191,23
7192,20
7193,38
7194,19
7195,71
7196,15
7197,62
7198,34
7199,53
7200,78
7201,96
7202,20
7203,6
7204,28
7205,15
7206,97
7207,58
7208,64
7209,48
7210,52
7211,37
7212,71
7213,24
7214,60
7215,60
7216,36
7217,12
7218,0
7219,0
7220,19
7221,46
7222,49
7223,43
7224,97
7225,42
7226,74
7227,41
7228,36
7229,96
7230,97
7231,46
7232,1
7233,77
7234,17
7235,36
7236,57
7237,64
7238,57
7239,81
7240,15
7241,30
7242,8
7243,21
7244,28
7245,31
7246,74
7247,17
7248,3
7249,8
7250,30
7251,75
7252,53
7253,76
7254,30
7255,75
7256,29
7257,31
7258,82
7259,13
7260,16
7261,54
7262,8
7263,34
7264,27
7265,32
7266,2
7267,72
7268,0
7269,1
7270,27
7271,93
7272,30
7273,89
7274,8
7275,22
7276,34
7277,24
7278,75
7279,71
7280,3
7281,8
7282,27
7283,88
7284,19
7285,97
7286,48
7287,79
7288,41
7289,48
7290,35
7291,36
7292,97
7293,31
7294,14
7295,83
7296,27
7297,51
7298,15
7299,41
7300,17
7301,3
7302,95
7303,10
7304,72
7305,15
7306,80
7307,36
7308,38
7309,9
7310,2
7311,25
7312,29
7313,70
7314,31
7315,29
7316,49
7317,38
7318,99
7319,5
7320,19
7321,74
7322,99
7323,82
7324,91
7325,21
7326,54
7327,88
7328,82
7329,73
7330,71
7331,61
7332,23
7333,29
7334,15
7335,13
7336,7
7337,37
7338,19
7339,73
7340,24
7341,9
7342,33
7343,32
7344,5
7345,41
7346,2
7347,51
7348,12
7349,89
7350,9
7351,65
7352,56
7353,88
7354,92
7355,84
7356,19
7357,15
7358,67
7359,5
7360,29
7361,70
7362,94
7363,68
7364,54
7365,26
7366,24
7367,37
7368,42
7369,0
7370,14
7371,67
7372,44
7373,34
7374,48
7375,97
7376,13
7377,29
7378,96
7379,10
7380,16
7381,29
7382,6
7383,15
7384,52
7385,24
7386,78
7387,20
7388,90
7389,21
7390,16
7391,85
7392,86
7393,47
7394,75
7395,77
7396,23
7397,60
7398,76
7399,95
7400,86
7401,94
7402,23
7403,5
7404,51
7405,99
7406,33
7407,66
7408,38
7409,1
7410,49
7411,42
7412,42
7413,69
7414,52
7415,20
7416,10
7417,74
7418,57
7419,49
7420,22
7421,83
7422,66
7423,9
7424,94
7425,43
7426,44
7427,78
7428,61
7429,37
7430,60
7431,28
7432,87
7433,74
7434,75
7435,62
7436,40
7437,94
7438,52
7439,48
7440,21
7441,13
7442,70
7443,94
7444,20
7445,4
7446,68
7447,54
7448,24
7449,57
7450,47
7451,68
7452,12
7453,94
7454,21
7455,46
7456,20
7457,62
7458,24
7459,16
7460,20
7461,68
7462,60
7463,66
7464,23
7465,61
7466,73
7467,51
7468,75
7469,42
7470,29
7471,91
7472,97
7473,67
7474,12
7475,34
7476,63
7477,85
7478,99
7479,23
7480,1
7481,97
7482,61
7483,94
7484,12
7485,90
7486,47
7487,58
7488,60
7489,31
7490,63
7491,21
7492,60
7493,56
7494,63
7495,99
7496,96
7497,30
7498,60
7499,4
7500,86
7501,43
7502,58
7503,88
7504,21
7505,92
7506,24
7507,63
7508,60
7509,85
7510,59
7511,27
7512,21
7513,97
7514,9
7515,0
7516,79
7517,84
7518,53
7519,39
7520,50
7521,36
7522,64
7523,54
7524,94
7525,63
7526,68
7527,21
7528,39
7529,48
7530,10
7531,96
7532,71
7533,21
7534,59
7535,20
7536,21
7537,17
7538,52
7539,97
7540,53
7541,80
7542,20
7543,14
7544,86
7545,83
7546,91
7547,45
7548,68
7549,29
7550,75
7551,71
7552,60
7553,27
7554,54
7555,57
7556,42
7557,42
7558,29
7559,85
7560,63
7561,43
7562,85
7563,42
7564,99
7565,71
7566,60
7567,86
7568,11
7569,48
7570,66
7571,11
7572,99
7573,7
7574,30
7575,31
7576,93
7577,17
7578,46
7579,32
7580,45
7581,22
7582,38
7583,38
7584,2
7585,20
7586,53
7587,2
7588,83
7589,83
7590,89
7591,62
7592,22
7593,82
7594,34
7595,48
7596,28
7597,37
7598,54
7599,97
7600,95
7601,6
7602,76
7603,24
7604,94
7605,7
7606,94
7607,94
7608,2
7609,77
7610,65
7611,52
7612,86
7613,27
7614,88
7615,63
7616,82
7617,2
7618,75
7619,21
7620,97
7621,77
7622,61
7623,78
7624,30
7625,24
7626,99
7627,95
7628,89
7629,1
7630,27
7631,52
7632,77
7633,91
7634,82
7635,65
7636,64
7637,97
7638,70
7639,43
7640,48
7641,39
7642,62
7643,14
7644,53
7645,79
7646,25
7647,19
7648,8
7649,68
7650,76
7651,86
7652,84
7653,5
7654,94
7655,0
7656,20
7657,51
7658,13
7659,90
7660,17
7661,58
7662,74
7663,61
7664,96
7665,66
7666,52
7667,21
7668,68
7669,42
7670,94
7671,46
7672,84
7673,97
7674,40
7675,50
7676,43
7677,3
7678,75
7679,53
7680,77
7681,23
7682,20
7683,15
7684,7
7685,42
7686,61
7687,7
7688,27
7689,70
7690,5
7691,55
7692,72
7693,37
7694,94
7695,33
7696,42
7697,8
7698,87
7699,23
7700,68
7701,56
7702,63
7703,49
7704,31
7705,60
7706,64
7707,75
7708,74
7709,60
7710,17
7711,97
7712,20
7713,72
7714,92
7715,91
7716,36
7717,30
7718,41
7719,82
7720,54
7721,81
7722,37
7723,75
7724,81
7725,71
7726,24
7727,94
7728,53
7729,39
7730,53
7731,0
7732,44
7733,47
7734,52
7735,74
7736,27
7737,22
7738,85
7739,69
7740,18
7741,13
7742,0
7743,5
7744,70
7745,25
7746,76
7747,70
7748,1
7749,85
7750,14
7751,74
7752,75
7753,43
7754,83
7755,82
7756,19
7757,97
7758,43
7759,7
7760,79
7761,2
7762,9
7763,91
7764,34
7765,36
7766,85
7767,33
7768,45
7769,73
7770,64
7771,0
7772,17
7773,83
7774,90
7775,74
7776,82
7777,24
7778,51
7779,83
7780,78
7781,99
7782,7
7783,33
7784,34
7785,51
7786,18
7787,34
7788,8
7789,91
7790,53
7791,30
7792,84
7793,44
7794,41
7795,58
7796,0
7797,31
7798,20
7799,17
7800,15
7801,79
7802,91
7803,54
7804,19
7805,20
7806,48
7807,30
7808,80
7809,68
7810,44
7811,94
7812,20
7813,18
7814,45
7815,21
7816,13
7817,95
7818,29
7819,32
7820,91
7821,61
7822,75
7823,17
7824,71
7825,70
7826,35
7827,52
7828,43
7829,18
7830,99
7831,17
7832,57
7833,34
7834,60
7835,89
7836,30
7837,81
7838,94
7839,63
7840,33
7841,38
7842,54
7843,61
7844,60
7845,68
7846,6
7847,1
7848,74
7849,20
7850,9
7851,68
7852,5
7853,22
7854,63
7855,53
7856,23
7857,66
7858,73
7859,43
7860,67
7861,70
7862,64
7863,90
7864,14
7865,43
7866,4
7867,37
7868,23
7869,53
7870,66
7871,74
7872,85
7873,97
7874,13
7875,21
7876,80
7877,48
7878,69
7879,56
7880,28
7881,51
7882,33
7883,10
7884,90
7885,51
7886,56
7887,9
7888,74
7889,90
7890,24
7891,75
7892,61
7893,76
7894,80
7895,94
7896,52
7897,54
7898,85
7899,40
7900,52
7901,84
7902,24
7903,91
7904,42
7905,11
7906,89
7907,83
7908,79
7909,53
7910,69
7911,14
7912,21
7913,86
7914,75
7915,20
7916,3
7917,84
7918,96
7919,95
7920,59
7921,17
7922,12
7923,94
7924,36
7925,4
7926,8
7927,43
7928,30
7929,35
7930,1
7931,23
7932,56
7933,58
7934,5
7935,75
7936,86
7937,5
7938,28
7939,20
7940,62
7941,53
7942,32
7943,64
7944,18
7945,84
7946,76
7947,8
7948,56
7949,8
7950,38
7951,62
7952,44
7953,30
7954,73
7955,2
7956,31
7957,33
7958,4
7959,18
7960,81
7961,60
7962,35
7963,73
7964,18
7965,40
7966,4
7967,20
7968,84
7969,14
7970,49
7971,24
7972,85
7973,34
7974,93
7975,35
7976,20
7977,39
7978,95
7979,9
7980,61
7981,35
7982,9
7983,47
7984,18
7985,87
7986,54
7987,16
7988,85
7989,82
7990,67
7991,82
7992,17
7993,43
7994,49
7995,71
7996,1
7997,32
7998,28
7999,8
8000,43
8001,1
8002,29
8003,8
8004,53
8005,21
8006,40
8007,45
8008,28
8009,4
8010,47
8011,91
8012,46
8013,53
8014,15
8015,4
8016,40
8017,19
8018,84
8019,1
8020,54
8021,61
8022,39
8023,85
8024,60
8025,53
8026,89
8027,18
8028,85
8029,6
8030,96
8031,58
8032,27
8033,34
8034,25
8035,60
8036,58
8037,1
8038,42
8039,62
8040,24
8041,31
8042,75
8043,60
8044,7
8045,0
8046,16
8047,97
8048,73
8049,50
8050,59
8051,44
8052,49
8053,70
8054,19
8055,33
8056,8
8057,42
8058,79
8059,11
8060,40
8061,53
8062,35
8063,66
8064,78
8065,31
8066,81
8067,39
8068,6
8069,32
8070,63
8071,21
8072,54
8073,36
8074,84
8075,80
8076,66
8077,94
8078,16
8079,31
8080,34
8081,38
8082,58
8083,85
8084,46
8085,81
8086,91
8087,48
8088,36
8089,69
8090,28
8091,21
8092,78
8093,70
8094,59
8095,75
8096,36
8097,52
8098,30
8099,70
8100,34
8101,75
8102,30
8103,76
8104,33
8105,75
8106,62
8107,17
8108,17
8109,88
8110,61
8111,94
8112,69
8113,33
8114,24
8115,3
8116,78
8117,36
8118,4
8119,88
8120,1
8121,84
8122,43
8123,61
8124,4
8125,91
8126,37
8127,21
8128,68
8129,60
8130,64
8131,70
8132,34
8133,54
8134,93
8135,0
8136,18
8137,49
8138,45
8139,28
8140,7
8141,89
8142,27
8143,6
8144,75
8145,45
8146,16
8147,68
8148,72
8149,31
8150,94
8151,86
8152,31
8153,45
8154,91
8155,15
8156,1
8157,65
8158,16
8159,98
8160,67
8161,8
8162,54
8163,60
8164,46
8165,57
8166,82
8167,29
8168,40
8169,15
8170,84
8171,63
8172,95
8173,23
8174,60
8175,76
8176,91
8177,31
8178,27
8179,31
8180,53
8181,43
8182,74
8183,48
8184,78
8185,63
8186,33
8187,88
8188,53
8189,43
8190,40
8191,68
8192,74
8193,50
8194,89
8195,61
8196,60
8197,93
8198,61
8199,77
8200,16
8201,88
8202,71
8203,47
8204,70
8205,34
8206,20
8207,78
8208,18
8209,87
8210,3
8211,84
8212,90
8213,77
8214,66
8215,71
8216,64
8217,30
8218,81
8219,75
8220,73
8221,68
8222,21
8223,14
8224,85
8225,11
8226,33
8227,33
8228,92
8229,13
8230,27
8231,15
8232,45
8233,99
8234,43
8235,33
8236,21
8237,45
8238,91
8239,36
8240,56
8241,72
8242,75
8243,62
8244,98
8245,39
8246,85
8247,38
8248,12
8249,1
8250,53
8251,30
8252,92
8253,36
8254,15
8255,7
8256,18
8257,31
8258,75
8259,91
8260,35
8261,84
8262,70
8263,31
8264,95
8265,46
8266,30
8267,10
8268,86
8269,29
8270,60
8271,34
8272,20
8273,34
8274,28
8275,74
8276,12
8277,59
8278,36
8279,73
8280,6
8281,97
8282,72
8283,60
8284,37
8285,98
8286,20
8287,43
8288,30
8289,53
8290,68
8291,92
8292,19
8293,21
8294,7
8295,41
8296,54
8297,71
8298,5
8299,3
8300,48
8301,96
8302,0
8303,70
8304,59
8305,24
8306,24
8307,37
8308,7
8309,9
8310,79
8311,41
8312,23
8313,21
8314,0
8315,5
8316,85
8317,94
8318,43
8319,30
8320,30
8321,91
8322,74
8323,38
8324,97
8325,0
8326,68
8327,0
8328,78
8329,81
8330,43
8331,98
8332,69
8333,4
8334,39
8335,64
8336,23
8337,98
8338,32
8339,30
8340,45
8341,45
8342,87
8343,81
8344,1
8345,31
8346,52
8347,43
8348,62
8349,88
8350,68
8351,18
8352,34
8353,71
8354,31
8355,98
8356,47
8357,90
8358,2
8359,28
8360,49
8361,2
8362,37
8363,77
8364,74
8365,54
8366,42
8367,93
8368,28
8369,39
8370,77
8371,41
8372,44
8373,49
8374,47
8375,11
8376,27
8377,97
8378,14
8379,4
8380,60
8381,8
8382,56
8383,25
8384,32
8385,42
8386,87
8387,74
8388,49
8389,36
8390,33
8391,58
8392,95
8393,48
8394,54
8395,61
8396,22
8397,53
8398,52
8399,6
8400,95
8401,18
8402,8
8403,31
8404,1
8405,34
8406,39
8407,66
8408,52
8409,66
8410,45
8411,87
8412,96
8413,46
8414,16
8415,33
8416,68
8417,41
8418,80
8419,74
8420,38
8421,17
8422,38
8423,93
8424,80
8425,3
8426,6
8427,60
8428,73
8429,87
8430,34
8431,18
8432,58
8433,54
8434,61
8435,86
8436,97
8437,76
8438,63
8439,84
8440,73
8441,85
8442,54
8443,62
8444,2
8445,64
8446,86
8447,17
8448,21
8449,52
8450,23
8451,62
8452,62
8453,39
8454,5
8455,91
8456,68
8457,91
8458,80
8459,30
8460,9
8461,37
8462,9
8463,5
8464,87
8465,35
8466,71
8467,64
8468,66
8469,94
8470,82
8471,2
8472,39
8473,62
8474,7
8475,82
8476,14
8477,76
8478,47
8479,28
8480,70
8481,75
8482,68
8483,52
8484,69
8485,34
8486,16
8487,62
8488,85
8489,68
8490,99
8491,43
8492,40
8493,60
8494,36
8495,25
8496,12
8497,43
8498,93
8499,45
8500,75
8501,22
8502,62
8503,58
8504,77
8505,96
8506,75
8507,54
8508,54
8509,37
8510,40
8511,90
8512,30
8513,43
8514,17
8515,38
8516,30
8517,6
8518,44
8519,75
8520,23
8521,39
8522,56
8523,96
8524,33
8525,19
8526,15
8527,22
8528,97
8529,97
8530,76
8531,94
8532,91
8533,76
8534,60
8535,97
8536,1
8537,0
8538,75
8539,88
8540,97
8541,71
8542,21
8543,52
8544,6
8545,43
8546,7
8547,94
8548,7
8549,34
8550,36
8551,14
8552,53
8553,97
8554,5
8555,56
8556,24
8557,47
8558,40
8559,24
8560,21
8561,54
8562,1
8563,38
8564,61
8565,22
8566,54
8567,24
8568,87
8569,31
8570,17
8571,76
8572,22
8573,86
8574,89
8575,79
8576,27
8577,99
8578,0
8579,39
8580,89
8581,62
8582,77
8583,87
8584,32
8585,76
8586,48
8587,53
8588,90
8589,36
8590,97
8591,2
8592,28
8593,88
8594,7
8595,70
8596,13
8597,29
8598,15
8599,24
8600,76
8601,21
8602,64
8603,28
8604,38
8605,47
8606,47
8607,50
8608,67
8609,72
8610,87
8611,70
8612,30
8613,60
8614,70
8615,2
8616,6
8617,68
8618,41
8619,21
8620,97
8621,62
8622,11
8623,90
8624,43
8625,88
8626,85
8627,21
8628,77
8629,78
8630,20
8631,83
8632,31
8633,68
8634,74
8635,54
8636,16
8637,61
8638,13
8639,48
8640,18
8641,40
8642,93
8643,62
8644,18
8645,38
8646,55
8647,33
8648,17
8649,93
8650,66
8651,42
8652,1
8653,71
8654,6
8655,52
8656,53
8657,33
8658,75
8659,68
8660,30
8661,8
8662,3
8663,75
8664,53
8665,91
8666,24
8667,2
8668,40
8669,78
8670,12
8671,53
8672,19
8673,27
8674,67
8675,14
8676,97
8677,93
8678,12
8679,97
8680,58
8681,21
8682,35
8683,47
8684,99
8685,71
8686,58
8687,74
8688,1
8689,82
8690,6
8691,54
8692,44
8693,13
8694,31
8695,50
8696,23
8697,85
8698,14
8699,53
8700,32
8701,51
8702,66
8703,23
8704,22
8705,61
8706,5
8707,64
8708,99
8709,69
8710,15
8711,21
8712,67
8713,97
8714,78
8715,0
8716,60
8717,12
8718,24
8719,49
8720,28
8721,29
8722,73
8723,6
8724,83
8725,62
8726,62
8727,67
8728,7
8729,85
8730,82
8731,43
8732,90
8733,68
8734,68
8735,32
8736,82
8737,87
8738,89
8739,41
8740,10
8741,76
8742,24
8743,21
8744,12
8745,47
8746,20
8747,46
8748,63
8749,5
8750,15
8751,32
8752,96
8753,20
8754,29
8755,97
8756,69
8757,13
8758,1
8759,53
8760,60
8761,91
8762,5
8763,87
8764,71
8765,53
8766,99
8767,0
8768,66
8769,57
8770,69
8771,30
8772,78
8773,83
8774,34
8775,97
8776,21
8777,95
8778,45
8779,61
8780,84
8781,69
8782,1
8783,35
8784,73
8785,82
8786,36
8787,64
8788,88
8789,76
8790,88
8791,70
8792,21
8793,66
8794,83
8795,22
8796,68
8797,94
8798,76
8799,63
8800,43
8801,6
8802,45
8803,78
8804,25
8805,15
8806,20
8807,71
8808,99
8809,3
8810,60
8811,73
8812,13
8813,18
8814,34
8815,48
8816,34
8817,38
8818,76
8819,18
8820,28
8821,89
8822,25
8823,52
8824,21
8825,66
8826,85
8827,30
8828,6
8829,43
8830,79
8831,71
8832,8
8833,40
8834,88
8835,29
8836,31
8837,97
8838,0
8839,31
8840,24
8841,53
8842,43
8843,78
8844,17
8845,8
8846,95
8847,23
8848,27
8849,12
8850,27
8851,85
8852,64
8853,93
8854,38
8855,70
8856,99
8857,17
8858,36
8859,33
8860,32
8861,53
8862,61
8863,34
8864,35
8865,28
8866,47
8867,82
8868,94
8869,95
8870,21
8871,52
8872,29
8873,33
8874,67
8875,16
8876,49
8877,57
8878,27
8879,35
8880,62
8881,62
8882,36
8883,37
8884,37
8885,96
8886,75
8887,94
8888,29
8889,94
8890,34
8891,5
8892,8
8893,85
8894,9
8895,29
8896,37
8897,13
8898,97
8899,64
8900,82
8901,1
8902,95
8903,53
8904,42
8905,21
8906,89
8907,69
8908,93
8909,5
8910,53
8911,71
8912,31
8913,33
8914,73
8915,75
8916,49
8917,47
8918,97
8919,53
8920,35
8921,4
8922,49
8923,81
8924,62
8925,53
8926,17
8927,86
8928,45
8929,48
8930,94
8931,36
8932,53
8933,60
8934,43
8935,50
8936,59
8937,52
8938,30
8939,92
8940,89
8941,45
8942,15
8943,71
8944,68
8945,52
8946,85
8947,49
8948,35
8949,35
8950,45
8951,52
8952,76
8953,58
8954,77
8955,96
8956,95
8957,1
8958,13
8959,68
8960,63
8961,51
8962,87
8963,18
8964,74
8965,99
8966,0
8967,42
8968,34
8969,38
8970,81
8971,67
8972,21
8973,38
8974,57
8975,42
8976,62
8977,51
8978,95
8979,47
8980,58
8981,48
8982,7
8983,56
8984,34
8985,82
8986,0
8987,93
8988,94
8989,59
8990,75
8991,69
8992,58
8993,58
8994,99
8995,36
8996,89
8997,10
8998,23
8999,28
9000,56
9001,53
9002,27
9003,20
9004,79
9005,96
9006,68
9007,88
9008,9
9009,14
9010,87
9011,57
9012,61
9013,56
9014,89
9015,37
9016,57
9017,48
9018,28
9019,96
9020,73
9021,98
9022,38
9023,41
9024,17
9025,96
9026,11
9027,74
9028,84
9029,30
9030,81
9031,30
9032,98
9033,32
9034,70
9035,12
9036,27
9037,74
9038,58
9039,47
9040,86
9041,28
9042,78
9043,68
9044,16
9045,91
9046,93
9047,21
9048,89
9049,71
9050,18
9051,66
9052,9
9053,82
9054,67
9055,23
9056,20
9057,58
9058,42
9059,94
9060,31
9061,72
9062,14
9063,28
9064,61
9065,77
9066,4
9067,29
9068,84
9069,68
9070,14
9071,62
9072,54
9073,50
9074,85
9075,67
9076,63
9077,23
9078,33
9079,43
9080,5
9081,75
9082,1
9083,83
9084,23
9085,80
9086,19
9087,20
9088,80
9089,20
9090,30
9091,52
9092,97
9093,38
9094,40
9095,75
9096,24
9097,0
9098,56
9099,47
9100,18
9101,52
9102,43
9103,56
9104,84
9105,89
9106,49
9107,9
9108,78
9109,53
9110,34
9111,7
9112,31
9113,38
9114,73
9115,38
9116,24
9117,59
9118,21
9119,36
9120,14
9121,93
9122,61
9123,82
9124,86
9125,43
9126,27
9127,52
9128,94
9129,99
9130,28
9131,81
9132,2
9133,49
9134,36
9135,5
9136,37
9137,57
9138,34
9139,94
9140,37
9141,28
9142,19
9143,15
9144,19
9145,36
9146,70
9147,62
9148,15
9149,16
9150,67
9151,62
9152,27
9153,63
9154,96
9155,4
9156,16
9157,18
9158,21
9159,24
9160,23
9161,22
9162,43
9163,14
9164,23
9165,68
9166,2
9167,81
9168,22
9169,37
9170,21
9171,57
9172,78
9173,86
9174,82
9175,12
9176,38
9177,7
9178,29
9179,14
9180,94
9181,41
9182,66
9183,80
9184,85
9185,91
9186,53
9187,48
9188,99
9189,67
9190,31
9191,25
9192,18
9193,47
9194,48
9195,1
9196,34
9197,80
9198,54
9199,23
9200,0
9201,74
9202,75
9203,18
9204,55
9205,6
9206,64
9207,54
9208,76
9209,82
9210,68
9211,56
9212,38
9213,44
9214,74
9215,30
9216,71
9217,23
9218,8
9219,60
9220,99
9221,0
9222,56
9223,7
9224,98
9225,91
9226,2
9227,32
9228,19
9229,61
9230,40
9231,16
9232,13
9233,30
9234,44
9235,64
9236,68
9237,76
9238,42
9239,91
9240,11
9241,57
9242,69
9243,78
9244,82
9245,84
9246,8
9247,85
9248,3
9249,71
9250,84
9251,76
9252,13
9253,8
9254,60
9255,69
9256,57
9257,75
9258,73
9259,89
9260,81
9261,42
9262,73
9263,29
9264,34
9265,4
9266,38
9267,20
9268,86
9269,48
9270,94
9271,96
9272,91
9273,9
9274,62
9275,21
9276,48
9277,60
9278,11
9279,45
9280,0
9281,96
9282,75
9283,75
9284,15
9285,31
9286,33
9287,17
9288,89
9289,1
9290,15
9291,76
9292,14
9293,23
9294,0
9295,51
9296,97
9297,62
9298,17
9299,36
9300,73
9301,40
9302,56
9303,53
9304,42
9305,1
9306,71
9307,94
9308,38
9309,76
9310,41
9311,52
9312,54
9313,17
9314,43
9315,82
9316,30
9317,30
9318,5
9319,67
9320,52
9321,75
9322,53
9323,6
9324,78
9325,42
9326,41
9327,85
9328,91
9329,8
9330,84
9331,5
9332,8
9333,34
9334,36
9335,67
9336,56
9337,35
9338,54
9339,42
9340,95
9341,74
9342,52
9343,76
9344,86
9345,8
9346,10
9347,9
9348,78
9349,38
9350,34
9351,3
9352,38
9353,43
9354,16
9355,18
9356,82
9357,72
9358,65
9359,38
9360,82
9361,75
9362,15
9363,29
9364,35
9365,86
9366,95
9367,3
9368,21
9369,84
9370,8
9371,0
9372,54
9373,27
9374,86
9375,86
9376,44
9377,58
9378,57
9379,13
9380,37
9381,1
9382,80
9383,95
9384,4
9385,62
9386,41
9387,48
9388,58
9389,96
9390,1
9391,22
9392,69
9393,21
9394,60
9395,15
9396,82
9397,18
9398,19
9399,52
9400,97
9401,72
9402,32
9403,79
9404,23
9405,27
9406,42
9407,60
9408,46
9409,20
9410,38
9411,59
9412,57
9413,28
9414,25
9415,63
9416,52
9417,32
9418,24
9419,13
9420,94
9421,23
9422,30
9423,99
9424,45
9425,37
9426,89
9427,52
9428,98
9429,58
9430,86
9431,82
9432,3
9433,43
9434,30
9435,0
9436,44
9437,21
9438,59
9439,85
9440,54
9441,27
9442,51
9443,92
9444,22
9445,32
9446,78
9447,13
9448,2
9449,53
9450,78
9451,47
9452,20
9453,43
9454,90
9455,27
9456,77
9457,67
9458,85
9459,64
9460,83
9461,93
9462,21
9463,85
9464,97
9465,22
9466,3
9467,87
9468,74
9469,41
9470,70
9471,35
9472,21
9473,32
9474,90
9475,36
9476,85
9477,20
9478,91
9479,21
9480,87
9481,71
9482,92
9483,27
9484,38
9485,70
9486,8
9487,6
9488,21
9489,61
9490,8
9491,81
9492,28
9493,53
9494,42
9495,91
9496,97
9497,74
9498,15
9499,8
9500,81
9501,10
9502,74
9503,44
9504,16
9505,78
9506,87
9507,18
9508,32
9509,6
9510,52
9511,7
9512,58
9513,56
9514,69
9515,71
9516,8
9517,67
9518,66
9519,20
9520,54
9521,73
9522,15
9523,21
9524,1
9525,34
9526,21
9527,40
9528,44
9529,13
9530,76
9531,35
9532,82
9533,33
9534,5
9535,75
9536,91
9537,1
9538,31
9539,7
9540,73
9541,23
9542,89
9543,3
9544,53
9545,23
9546,13
9547,86
9548,38
9549,71
9550,40
9551,21
9552,35
9553,94
9554,79
9555,16
9556,8
9557,18
9558,22
9559,86
9560,81
9561,44
9562,79
9563,62
9564,17
9565,70
9566,57
9567,24
9568,64
9569,22
9570,91
9571,23
9572,81
9573,42
9574,43
9575,43
9576,5
9577,30
9578,19
9579,35
9580,77
9581,38
9582,36
9583,90
9584,12
9585,43
9586,61
9587,97
9588,94
9589,1
9590,43
9591,95
9592,61
9593,20
9594,13
9595,94
9596,58
9597,39
9598,74
9599,68
9600,20
9601,60
9602,34
9603,86
9604,16
9605,87
9606,87
9607,44
9608,21
9609,54
9610,62
9611,45
9612,42
9613,44
9614,85
9615,2
9616,2
9617,58
9618,20
9619,48
9620,71
9621,56
9622,73
9623,99
9624,99
9625,30
9626,90
9627,35
9628,95
9629,26
9630,67
9631,68
9632,5
9633,70
9634,39
9635,94
9636,95
9637,40
9638,12
9639,62
9640,20
9641,23
9642,78
9643,89
9644,67
9645,43
9646,8
9647,60
9648,24
9649,44
9650,42
9651,60
9652,81
9653,23
9654,48
9655,16
9656,57
9657,94
9658,30
9659,1
9660,43
9661,92
9662,81
9663,48
9664,23
9665,31
9666,97
9667,33
9668,95
9669,20
9670,39
9671,86
9672,53
9673,4
9674,94
9675,52
9676,13
9677,18
9678,85
9679,86
9680,54
9681,53
9682,75
9683,91
9684,43
9685,68
9686,18
9687,47
9688,52
9689,67
9690,53
9691,33
9692,4
9693,88
9694,3
9695,81
9696,5
9697,95
9698,53
9699,68
9700,52
9701,45
9702,60
9703,92
9704,16
9705,24
9706,12
9707,72
9708,75
9709,66
9710,78
9711,82
9712,89
9713,31
9714,91
9715,25
9716,9
9717,73
9718,69
9719,36
9720,81
9721,51
9722,30
9723,37
9724,61
9725,0
9726,71
9727,11
9728,66
9729,76
9730,31
9731,46
9732,21
9733,5
9734,94
9735,24
9736,27
9737,1
9738,96
9739,37
9740,58
9741,87
9742,36
9743,25
9744,78
9745,94
9746,41
9747,66
9748,36
9749,27
9750,45
9751,46
9752,59
9753,84
9754,33
9755,9
9756,84
9757,38
9758,38
9759,65
9760,72
9761,59
9762,97
9763,11
9764,31
9765,23
9766,99
9767,60
9768,97
9769,1
9770,13
9771,52
9772,89
9773,56
9774,16
9775,82
9776,8
9777,63
9778,34
9779,99
9780,34
9781,96
9782,73
9783,38
9784,97
9785,96
9786,76
9787,86
9788,86
9789,15
9790,5
9791,28
9792,33
9793,17
9794,62
9795,30
9796,37
9797,21
9798,33
9799,81
9800,91
9801,13
9802,87
9803,3
9804,80
9805,67
9806,28
9807,89
9808,17
9809,68
9810,36
9811,94
9812,79
9813,27
9814,1
9815,13
9816,35
9817,13
9818,64
9819,76
9820,78
9821,47
9822,49
9823,30
9824,60
9825,16
9826,18
9827,72
9828,40
9829,38
9830,58
9831,53
9832,20
9833,48
9834,20
9835,13
9836,19
9837,56
9838,35
9839,2
9840,22
9841,50
9842,7
9843,11
9844,2
9845,44
9846,8
9847,51
9848,91
9849,0
9850,98
9851,31
9852,24
9853,78
9854,60
9855,81
9856,86
9857,13
9858,34
9859,21
9860,99
9861,81
9862,57
9863,62
9864,98
9865,70
9866,76
9867,69
9868,91
9869,59
9870,93
9871,90
9872,83
9873,86
9874,6
9875,75
9876,82
9877,72
9878,49
9879,73
9880,75
9881,3
9882,17
9883,19
9884,14
9885,75
9886,97
9887,54
9888,1
9889,37
9890,73
9891,28
9892,28
9893,74
9894,24
9895,91
9896,95
9897,62
9898,2
9899,30
9900,52
9901,30
9902,97
9903,85
9904,53
9905,23
9906,74
9907,6
9908,62
9909,20
9910,86
9911,82
9912,16
9913,1
9914,42
9915,27
9916,17
9917,58
9918,89
9919,97
9920,82
9921,21
9922,15
9923,96
9924,68
9925,76
9926,31
9927,13
9928,8
9929,17
9930,81
9931,30
9932,78
9933,34
9934,96
9935,40
9936,75
9937,95
9938,19
9939,96
9940,82
9941,99
9942,15
9943,47
9944,74
9945,79
9946,67
9947,74
9948,38
9949,80
9950,52
9951,57
9952,14
9953,27
9954,76
9955,92
9956,57
9957,43
9958,51
9959,73
9960,29
9961,33
9962,19
9963,86
9964,19
9965,97
9966,43
9967,4
9968,83
9969,89
9970,96
9971,58
9972,73
9973,49
9974,70
9975,7
9976,8
9977,18
9978,21
9979,27
9980,93
9981,52
9982,97
9983,38
9984,74
9985,90
9986,91
9987,77
9988,31
9989,7
9990,63
9991,68
9992,70
9993,30
9994,69
9995,41
9996,63
9997,51
9998,34
9999,0
